Ti (wt%),Mo (wt%),Al (wt%),Sn (wt%),V (wt%),Zr (wt%),Cr (wt%),Nb (wt%),Ta (wt%),Fe (wt%),W (wt%),Si (wt%),O (wt%),Y (wt%),transition temperature (°C),Process,Strength (MPa),Elongation (%),source
84.68,6.63,3.01,0.0,0.0,0.0,2.65,2.8,0.0,0.0,0.0,0.0,0.23,0.0,850.0,"Solution: 880.0°C for 0.5h, cooled by Water Quench (WQ).",903.0,24.0,none
84.68,6.63,3.01,0.0,0.0,0.0,2.65,2.8,0.0,0.0,0.0,0.0,0.23,0.0,850.0,"Solution: 820.0°C for 0.5h, cooled by Water Quench (WQ).",965.0,10.9,none
84.68,6.63,3.01,0.0,0.0,0.0,2.65,2.8,0.0,0.0,0.0,0.0,0.23,0.0,850.0,"Solution: 880.0°C for 0.5h, cooled by Water Quench (WQ). Aging: 530.0°C for 6.0h, cooled by Air Cool (AC).",1311.0,2.1,none
84.68,6.63,3.01,0.0,0.0,0.0,2.65,2.8,0.0,0.0,0.0,0.0,0.23,0.0,850.0,"Solution: 820.0°C for 0.5h, cooled by Water Quench (WQ). Aging: 530.0°C for 6.0h, cooled by Air Cool (AC).",1296.0,4.7,none
82.19,6.62,4.22,0.0,0.0,0.0,3.9,2.86,0.0,0.0,0.0,0.0,0.21,0.0,860.0,"Solution: 890.0°C for 0.5h, cooled by Water Quench (WQ).",893.0,19.5,none
82.19,6.62,4.22,0.0,0.0,0.0,3.9,2.86,0.0,0.0,0.0,0.0,0.21,0.0,860.0,"Solution: 830.0°C for 0.5h, cooled by Water Quench (WQ).",942.0,9.1,none
82.19,6.62,4.22,0.0,0.0,0.0,3.9,2.86,0.0,0.0,0.0,0.0,0.21,0.0,860.0,"Solution: 890.0°C for 0.5h, cooled by Water Quench (WQ). Aging: 540.0°C for 6.0h, cooled by Air Cool (AC).",1378.0,1.5,none
82.19,6.62,4.22,0.0,0.0,0.0,3.9,2.86,0.0,0.0,0.0,0.0,0.21,0.0,860.0,"Solution: 830.0°C for 0.5h, cooled by Water Quench (WQ). Aging: 540.0°C for 6.0h, cooled by Air Cool (AC).",1308.0,5.2,none
80.723,7.0,5.06,0.0,0.0,0.0,3.62,2.9,0.0,0.477,0.0,0.0,0.22,0.0,880.0,"Solution: 910.0°C for 0.5h, cooled by Water Quench (WQ).",880.0,13.6,none
80.723,7.0,5.06,0.0,0.0,0.0,3.62,2.9,0.0,0.477,0.0,0.0,0.22,0.0,880.0,"Solution: 850.0°C for 0.5h, cooled by Water Quench (WQ).",931.0,8.2,none
80.723,7.0,5.06,0.0,0.0,0.0,3.62,2.9,0.0,0.477,0.0,0.0,0.22,0.0,880.0,"Solution: 910.0°C for 0.5h, cooled by Water Quench (WQ). Aging: 560.0°C for 6.0h, cooled by Air Cool (AC).",1417.0,1.7,none
80.723,7.0,5.06,0.0,0.0,0.0,3.62,2.9,0.0,0.477,0.0,0.0,0.22,0.0,880.0,"Solution: 850.0°C for 0.5h, cooled by Water Quench (WQ). Aging: 560.0°C for 6.0h, cooled by Air Cool (AC).",1366.0,4.5,none
89.02,0.0,5.07,0.0,2.96,2.95,0.0,0.0,0.0,0.0,0.0,0.0,0.0,0.0,934.0,"Solution: 700.0°C for 1.0h, cooled by Air Cool (AC).",904.977,17.3749,none
89.02,0.0,5.07,0.0,2.96,2.95,0.0,0.0,0.0,0.0,0.0,0.0,0.0,0.0,934.0,"Solution: 750.0°C for 1.0h, cooled by Air Cool (AC).",839.367,18.2795,none
89.02,0.0,5.07,0.0,2.96,2.95,0.0,0.0,0.0,0.0,0.0,0.0,0.0,0.0,934.0,"Solution: 800.0°C for 1.0h, cooled by Air Cool (AC).",823.529,18.3412,none
89.02,0.0,5.07,0.0,2.96,2.95,0.0,0.0,0.0,0.0,0.0,0.0,0.0,0.0,934.0,"Solution: 900.0°C for 1.0h, cooled by Air Cool (AC).",841.629,18.2246,none
89.02,0.0,5.07,0.0,2.96,2.95,0.0,0.0,0.0,0.0,0.0,0.0,0.0,0.0,934.0,"Solution: 950.0°C for 1.0h, cooled by Air Cool (AC).",837.104,14.2483,none
88.21,0.0,5.13,0.0,3.03,2.87,0.76,0.0,0.0,0.0,0.0,0.0,0.0,0.0,925.0,"Solution: 700.0°C for 1.0h, cooled by Air Cool (AC).",878.652,17.7578,none
88.21,0.0,5.13,0.0,3.03,2.87,0.76,0.0,0.0,0.0,0.0,0.0,0.0,0.0,925.0,"Solution: 800.0°C for 1.0h, cooled by Air Cool (AC).",862.921,19.1031,none
88.21,0.0,5.13,0.0,3.03,2.87,0.76,0.0,0.0,0.0,0.0,0.0,0.0,0.0,925.0,"Solution: 900.0°C for 1.0h, cooled by Air Cool (AC).",856.18,19.3722,none
88.21,0.0,5.13,0.0,3.03,2.87,0.76,0.0,0.0,0.0,0.0,0.0,0.0,0.0,925.0,"Solution: 950.0°C for 1.0h, cooled by Air Cool (AC).",874.157,15.6054,none
87.57,0.0,4.97,0.0,3.11,2.83,1.52,0.0,0.0,0.0,0.0,0.0,0.0,0.0,913.0,"Solution: 700.0°C for 1.0h, cooled by Air Cool (AC).",901.267,18.4821,none
87.57,0.0,4.97,0.0,3.11,2.83,1.52,0.0,0.0,0.0,0.0,0.0,0.0,0.0,913.0,"Solution: 800.0°C for 1.0h, cooled by Air Cool (AC).",903.826,19.0179,none
87.57,0.0,4.97,0.0,3.11,2.83,1.52,0.0,0.0,0.0,0.0,0.0,0.0,0.0,913.0,"Solution: 900.0°C for 1.0h, cooled by Air Cool (AC).",893.018,18.75,none
87.57,0.0,4.97,0.0,3.11,2.83,1.52,0.0,0.0,0.0,0.0,0.0,0.0,0.0,913.0,"Solution: 950.0°C for 1.0h, cooled by Air Cool (AC).",883.164,18.2143,none
88.21,0.0,5.13,0.0,3.03,2.87,0.76,0.0,0.0,0.0,0.0,0.0,0.0,0.0,937.0,"Processing temperature: 950.0°C. Solution: 700.0°C for 1.0h, cooled by Air Cool (AC).",973.764,14.2573,none
88.21,0.0,5.13,0.0,3.03,2.87,0.76,0.0,0.0,0.0,0.0,0.0,0.0,0.0,937.0,"Processing temperature: 950.0°C. Solution: 800.0°C for 1.0h, cooled by Air Cool (AC).",945.313,17.6014,none
88.21,0.0,5.13,0.0,3.03,2.87,0.76,0.0,0.0,0.0,0.0,0.0,0.0,0.0,937.0,"Processing temperature: 950.0°C. Solution: 900.0°C for 1.0h, cooled by Air Cool (AC).",934.751,17.8843,none
88.21,0.0,5.13,0.0,3.03,2.87,0.76,0.0,0.0,0.0,0.0,0.0,0.0,0.0,937.0,"Processing temperature: 890.0°C. Solution: 700.0°C for 1.0h, cooled by Air Cool (AC).",961.477,15.7849,none
88.21,0.0,5.13,0.0,3.03,2.87,0.76,0.0,0.0,0.0,0.0,0.0,0.0,0.0,937.0,"Processing temperature: 890.0°C. Solution: 800.0°C for 1.0h, cooled by Air Cool (AC).",880.614,18.9732,none
88.21,0.0,5.13,0.0,3.03,2.87,0.76,0.0,0.0,0.0,0.0,0.0,0.0,0.0,937.0,"Processing temperature: 890.0°C. Solution: 900.0°C for 1.0h, cooled by Air Cool (AC).",870.372,17.2077,none
88.21,0.0,5.13,0.0,3.03,2.87,0.76,0.0,0.0,0.0,0.0,0.0,0.0,0.0,937.0,"Processing temperature: 840.0°C. Solution: 700.0°C for 1.0h, cooled by Air Cool (AC).",1023.63,13.2879,none
88.21,0.0,5.13,0.0,3.03,2.87,0.76,0.0,0.0,0.0,0.0,0.0,0.0,0.0,937.0,"Processing temperature: 840.0°C. Solution: 800.0°C for 1.0h, cooled by Air Cool (AC).",964.53,14.9915,none
88.21,0.0,5.13,0.0,3.03,2.87,0.76,0.0,0.0,0.0,0.0,0.0,0.0,0.0,937.0,"Processing temperature: 840.0°C. Solution: 900.0°C for 1.0h, cooled by Air Cool (AC).",969.712,15.3322,none
88.21,0.0,5.13,0.0,3.03,2.87,0.76,0.0,0.0,0.0,0.0,0.0,0.0,0.0,937.0,"Processing temperature: 840.0°C. Solution: 950.0°C for 1.0h, cooled by Air Cool (AC).",912.817,13.1175,none
72.96,0.0,5.2,0.0,21.67,0.0,0.0,0.0,0.0,0.0,0.0,0.0,0.17,0.0,830.0,"Solution: 900.0°C for 0.5h, cooled by Water Quench (WQ). Aging: 600.0°C for 4.0h, cooled by Air Cool (AC).",1076.67,19.5,none
72.96,0.0,5.2,0.0,21.67,0.0,0.0,0.0,0.0,0.0,0.0,0.0,0.17,0.0,830.0,"Solution: 900.0°C for 0.5h, cooled by Water Quench (WQ). Aging: 700.0°C for 4.0h, cooled by Air Cool (AC).",875.0,15.83,none
85.11,0.0,5.06,0.0,0.0,0.0,9.68,0.0,0.0,0.0,0.0,0.0,0.15,0.0,850.0,"Solution: 900.0°C for 0.5h, cooled by Water Quench (WQ). Aging: 600.0°C for 4.0h, cooled by Air Cool (AC).",1043.33,0.0,none
85.11,0.0,5.06,0.0,0.0,0.0,9.68,0.0,0.0,0.0,0.0,0.0,0.15,0.0,850.0,"Solution: 900.0°C for 0.5h, cooled by Water Quench (WQ). Aging: 700.0°C for 4.0h, cooled by Air Cool (AC).",1143.3,0.0,none
81.85,13.6,4.4,0.0,0.0,0.0,0.0,0.0,0.0,0.0,0.0,0.0,0.15,0.0,880.0,"Solution: 900.0°C for 0.5h, cooled by Water Quench (WQ). Aging: 500.0°C for 4.0h, cooled by Air Cool (AC).",1393.33,5.67,none
81.85,13.6,4.4,0.0,0.0,0.0,0.0,0.0,0.0,0.0,0.0,0.0,0.15,0.0,880.0,"Solution: 900.0°C for 0.5h, cooled by Water Quench (WQ). Aging: 600.0°C for 4.0h, cooled by Air Cool (AC).",1116.67,12.5,none
81.85,13.6,4.4,0.0,0.0,0.0,0.0,0.0,0.0,0.0,0.0,0.0,0.15,0.0,880.0,"Solution: 900.0°C for 0.5h, cooled by Water Quench (WQ). Aging: 700.0°C for 4.0h, cooled by Air Cool (AC).",945.0,18.67,none
81.3,5.0,6.5,2.0,0.0,4.0,0.0,0.0,0.0,0.0,1.0,0.2,0.0,0.0,998.0,"Solution: 958.0°C for 2.0h, cooled by Air Cool (AC). Aging: 550.0°C for 6.0h, cooled by Air Cool (AC).",1292.0,11.0,none
81.3,5.0,6.5,2.0,0.0,4.0,0.0,0.0,0.0,0.0,1.0,0.2,0.0,0.0,998.0,"Solution: 958.0°C for 2.0h, cooled by Air Cool (AC). Aging: 520.0°C for 6.0h, cooled by Air Cool (AC).",1261.5,14.0,none
81.3,5.0,6.5,2.0,0.0,4.0,0.0,0.0,0.0,0.0,1.0,0.2,0.0,0.0,998.0,"Solution: 958.0°C for 2.0h, cooled by Air Cool (AC). Aging: 540.0°C for 6.0h, cooled by Air Cool (AC).",1279.0,13.0,none
81.3,5.0,6.5,2.0,0.0,4.0,0.0,0.0,0.0,0.0,1.0,0.2,0.0,0.0,998.0,"Solution: 958.0°C for 2.0h, cooled by Air Cool (AC). Aging: 560.0°C for 6.0h, cooled by Air Cool (AC).",1276.5,15.3,none
81.3,5.0,6.5,2.0,0.0,4.0,0.0,0.0,0.0,0.0,1.0,0.2,0.0,0.0,998.0,"Solution: 958.0°C for 2.0h, cooled by Air Cool (AC). Aging: 580.0°C for 6.0h, cooled by Air Cool (AC).",1268.0,14.0,none
81.3,5.0,6.5,2.0,0.0,4.0,0.0,0.0,0.0,0.0,1.0,0.2,0.0,0.0,998.0,"Solution: 958.0°C for 2.0h, cooled by Air Cool (AC). Aging: 600.0°C for 6.0h, cooled by Air Cool (AC).",1293.0,13.5,none
83.52,3.94,6.44,1.68,0.0,3.62,0.0,0.0,0.0,0.0,0.58,0.22,0.0,0.0,965.0,"Forging temperature: 880.0°C. Deformation amount: 60.0%. Annealing: 900.0°C for 1.0h, cooled by Air Cool (AC). Second Annealing: 600.0°C for 6.0h, cooled by Air Cool (AC).",1217.71,10.6775,none
83.52,3.94,6.44,1.68,0.0,3.62,0.0,0.0,0.0,0.0,0.58,0.22,0.0,0.0,965.0,"Forging temperature: 910.0°C. Deformation amount: 60.0%. Annealing: 900.0°C for 1.0h, cooled by Air Cool (AC). Second Annealing: 600.0°C for 6.0h, cooled by Air Cool (AC).",1086.32,14.1265,none
83.52,3.94,6.44,1.68,0.0,3.62,0.0,0.0,0.0,0.0,0.58,0.22,0.0,0.0,965.0,"Forging temperature: 940.0°C. Deformation amount: 60.0%. Annealing: 900.0°C for 1.0h, cooled by Air Cool (AC). Second Annealing: 600.0°C for 6.0h, cooled by Air Cool (AC).",1192.0,12.0,none
83.52,3.94,6.44,1.68,0.0,3.62,0.0,0.0,0.0,0.0,0.58,0.22,0.0,0.0,965.0,"Forging temperature: 940.0°C. Deformation amount: 60.0%. Annealing: 930.0°C for 1.0h, cooled by Air Cool (AC). Second Annealing: 600.0°C for 6.0h, cooled by Air Cool (AC).",1187.5,13.5,none
83.52,3.94,6.44,1.68,0.0,3.62,0.0,0.0,0.0,0.0,0.58,0.22,0.0,0.0,965.0,"Forging temperature: 940.0°C. Deformation amount: 60.0%. Annealing: 930.0°C for 1.0h, cooled by Water Quench (WQ). Second Annealing: 600.0°C for 6.0h, cooled by Air Cool (AC).",1580.5,4.75,none
83.52,3.94,6.44,1.68,0.0,3.62,0.0,0.0,0.0,0.0,0.58,0.22,0.0,0.0,965.0,"Forging temperature: 940.0°C. Deformation amount: 60.0%. Annealing: 930.0°C for 1.0h, cooled by Air Cool (AC). Second Annealing: 600.0°C for 6.0h, cooled by Air Cool (AC).",1190.5,11.0,none
83.52,3.94,6.44,1.68,0.0,3.62,0.0,0.0,0.0,0.0,0.58,0.22,0.0,0.0,965.0,"Forging temperature: 940.0°C. Deformation amount: 60.0%. Annealing: 930.0°C for 1.0h, cooled by Air Cool (AC). Second Annealing: 600.0°C for 6.0h, cooled by Air Cool (AC).",1174.5,9.25,none
83.52,3.94,6.44,1.68,0.0,3.62,0.0,0.0,0.0,0.0,0.58,0.22,0.0,0.0,965.0,"Forging temperature: 940.0°C. Deformation amount: 60.0%. Annealing: 950.0°C for 1.0h, cooled by Air Cool (AC). Second Annealing: 600.0°C for 6.0h, cooled by Air Cool (AC).",1193.5,7.0,none
83.52,3.94,6.44,1.68,0.0,3.62,0.0,0.0,0.0,0.0,0.58,0.22,0.0,0.0,965.0,"Forging temperature: 960.0°C. Deformation amount: 60.0%. Annealing: 900.0°C for 1.0h, cooled by Air Cool (AC). Second Annealing: 600.0°C for 6.0h, cooled by Air Cool (AC).",1163.16,14.0883,none
83.52,3.94,6.44,1.68,0.0,3.62,0.0,0.0,0.0,0.0,0.58,0.22,0.0,0.0,965.0,"Forging temperature: 990.0°C. Deformation amount: 60.0%. Annealing: 900.0°C for 1.0h, cooled by Air Cool (AC). Second Annealing: 600.0°C for 6.0h, cooled by Air Cool (AC).",1180.24,9.92977,none
83.52,3.94,6.44,1.68,0.0,3.62,0.0,0.0,0.0,0.0,0.58,0.22,0.0,0.0,965.0,"Forging temperature: 1005.0°C. Deformation amount: 60.0%. Annealing: 900.0°C for 1.0h, cooled by Air Cool (AC). Second Annealing: 600.0°C for 6.0h, cooled by Air Cool (AC).",1170.28,12.206,none
83.52,3.94,6.44,1.68,0.0,3.62,0.0,0.0,0.0,0.0,0.58,0.22,0.0,0.0,965.0,"Forging temperature: 940.0°C. Deformation amount: 20.0%. Annealing: 900.0°C for 1.0h, cooled by Air Cool (AC). Second Annealing: 600.0°C for 6.0h, cooled by Air Cool (AC).",1158.0,11.75,none
83.52,3.94,6.44,1.68,0.0,3.62,0.0,0.0,0.0,0.0,0.58,0.22,0.0,0.0,965.0,"Forging temperature: 940.0°C. Deformation amount: 40.0%. Annealing: 900.0°C for 1.0h, cooled by Air Cool (AC). Second Annealing: 600.0°C for 6.0h, cooled by Air Cool (AC).",1158.5,12.75,none
85.7,2.1,6.81,2.0,0.0,2.25,0.0,0.0,0.0,0.0,0.94,0.2,0.0,0.0,1028.0,"Forging temperature: 1050.0°C.",1187.39,9.23315,none
85.7,2.1,6.81,2.0,0.0,2.25,0.0,0.0,0.0,0.0,0.94,0.2,0.0,0.0,1028.0,"Forging temperature: 1050.0°C. Deformation amount: 25.0%.",1191.29,13.0333,none
85.7,2.1,6.81,2.0,0.0,2.25,0.0,0.0,0.0,0.0,0.94,0.2,0.0,0.0,1028.0,"Forging temperature: 1050.0°C. Deformation amount: 45.0%.",1200.0,13.36,none
85.7,2.1,6.81,2.0,0.0,2.25,0.0,0.0,0.0,0.0,0.94,0.2,0.0,0.0,1028.0,"Forging temperature: 1050.0°C. Deformation amount: 80.0%.",1258.7,15.1442,none
79.1,15.0,3.0,0.0,0.0,0.0,0.0,2.7,0.0,0.0,0.0,0.2,0.0,0.0,830.0,"Solution: 750.0°C for 0.583333333h, cooled by Water Quench (WQ). Aging: 520.0°C for 8.0h, cooled by Air Cool (AC).",1276.67,11.6534,none
79.1,15.0,3.0,0.0,0.0,0.0,0.0,2.7,0.0,0.0,0.0,0.2,0.0,0.0,830.0,"Solution: 850.0°C for 0.583333333h, cooled by Water Quench (WQ). Aging: 520.0°C for 8.0h, cooled by Air Cool (AC).",1307.35,6.54141,none
79.1,15.0,3.0,0.0,0.0,0.0,0.0,2.7,0.0,0.0,0.0,0.2,0.0,0.0,830.0,"Solution: 900.0°C for 0.583333333h, cooled by Water Quench (WQ). Aging: 520.0°C for 8.0h, cooled by Air Cool (AC).",1309.09,6.0193,none
79.1,15.0,3.0,0.0,0.0,0.0,0.0,2.7,0.0,0.0,0.0,0.2,0.0,0.0,830.0,"Solution: 950.0°C for 0.583333333h, cooled by Water Quench (WQ). Aging: 520.0°C for 8.0h, cooled by Air Cool (AC).",1303.39,6.51291,none
79.1,15.0,3.0,0.0,0.0,0.0,0.0,2.7,0.0,0.0,0.0,0.2,0.0,0.0,830.0,"Solution: 750.0°C for 0.583333333h, cooled by Water Quench (WQ). Aging: 420.0°C for 8.0h, cooled by Air Cool (AC).",1078.21,10.9091,none
79.1,15.0,3.0,0.0,0.0,0.0,0.0,2.7,0.0,0.0,0.0,0.2,0.0,0.0,830.0,"Solution: 750.0°C for 0.583333333h, cooled by Water Quench (WQ). Aging: 470.0°C for 8.0h, cooled by Air Cool (AC).",1143.0,7.31405,none
79.1,15.0,3.0,0.0,0.0,0.0,0.0,2.7,0.0,0.0,0.0,0.2,0.0,0.0,830.0,"Solution: 750.0°C for 0.583333333h, cooled by Water Quench (WQ). Aging: 520.0°C for 8.0h, cooled by Air Cool (AC).",1306.75,6.07438,none
79.1,15.0,3.0,0.0,0.0,0.0,0.0,2.7,0.0,0.0,0.0,0.2,0.0,0.0,830.0,"Solution: 750.0°C for 0.583333333h, cooled by Water Quench (WQ). Aging: 570.0°C for 8.0h, cooled by Air Cool (AC).",1174.67,6.69421,none
79.1,15.0,3.0,0.0,0.0,0.0,0.0,2.7,0.0,0.0,0.0,0.2,0.0,0.0,830.0,"Solution: 750.0°C for 0.583333333h, cooled by Water Quench (WQ). Aging: 620.0°C for 8.0h, cooled by Air Cool (AC).",901.964,14.5041,none
79.1,15.0,3.0,0.0,0.0,0.0,0.0,2.7,0.0,0.0,0.0,0.2,0.0,0.0,830.0,"Solution: 855.0°C for 0.583333333h, cooled by Water Quench (WQ). Aging: 520.0°C for 4.0h, cooled by Air Cool (AC).",1218.86,6.19792,none
79.1,15.0,3.0,0.0,0.0,0.0,0.0,2.7,0.0,0.0,0.0,0.2,0.0,0.0,830.0,"Solution: 855.0°C for 0.583333333h, cooled by Water Quench (WQ). Aging: 520.0°C for 6.0h, cooled by Air Cool (AC).",1258.64,6.48958,none
79.1,15.0,3.0,0.0,0.0,0.0,0.0,2.7,0.0,0.0,0.0,0.2,0.0,0.0,830.0,"Solution: 855.0°C for 0.583333333h, cooled by Water Quench (WQ). Aging: 520.0°C for 8.0h, cooled by Air Cool (AC).",1311.98,6.19792,none
79.1,15.0,3.0,0.0,0.0,0.0,0.0,2.7,0.0,0.0,0.0,0.2,0.0,0.0,830.0,"Solution: 855.0°C for 0.583333333h, cooled by Water Quench (WQ). Aging: 520.0°C for 10.0h, cooled by Air Cool (AC).",1263.23,6.78125,none
79.1,15.0,3.0,0.0,0.0,0.0,0.0,2.7,0.0,0.0,0.0,0.2,0.0,0.0,830.0,"Solution: 855.0°C for 0.583333333h, cooled by Water Quench (WQ). Aging: 520.0°C for 12.0h, cooled by Air Cool (AC).",1275.94,5.25,none
89.86,1.05,8.1,0.0,0.99,0.0,0.0,0.0,0.0,0.0,0.0,0.0,0.0,0.0,1035.0,"Solution: 915.0°C for 1.0h, cooled by Furnace Cool (FC). Aging: 580.0°C for 8.0h, cooled by Air Cool (AC).",969.0,18.0,none
89.86,1.05,8.1,0.0,0.99,0.0,0.0,0.0,0.0,0.0,0.0,0.0,0.0,0.0,1035.0,"Solution: 915.0°C for 1.0h, cooled by Water Quench (WQ). Aging: 580.0°C for 8.0h, cooled by Air Cool (AC).",971.0,16.8,none
89.86,1.05,8.1,0.0,0.99,0.0,0.0,0.0,0.0,0.0,0.0,0.0,0.0,0.0,1035.0,"Solution: 960.0°C for 1.0h, cooled by Air Cool (AC). Aging: 580.0°C for 8.0h, cooled by Air Cool (AC).",928.5,16.8,none
89.86,1.05,8.1,0.0,0.99,0.0,0.0,0.0,0.0,0.0,0.0,0.0,0.0,0.0,1035.0,"Solution: 960.0°C for 1.0h, cooled by Furnace Cool (FC). Aging: 580.0°C for 8.0h, cooled by Air Cool (AC).",964.0,15.0,none
89.86,1.05,8.1,0.0,0.99,0.0,0.0,0.0,0.0,0.0,0.0,0.0,0.0,0.0,1035.0,"Solution: 1010.0°C for 1.0h, cooled by Furnace Cool (FC). Aging: 580.0°C for 8.0h, cooled by Air Cool (AC).",989.5,15.3,none
89.86,1.05,8.1,0.0,0.99,0.0,0.0,0.0,0.0,0.0,0.0,0.0,0.0,0.0,1035.0,"Solution: 915.0°C for 1.0h, cooled by Air Cool (AC). Aging: 550.0°C for 8.0h, cooled by Air Cool (AC).",938.5,16.5,none
89.86,1.05,8.1,0.0,0.99,0.0,0.0,0.0,0.0,0.0,0.0,0.0,0.0,0.0,1035.0,"Solution: 960.0°C for 1.0h, cooled by Water Quench (WQ). Aging: 580.0°C for 8.0h, cooled by Air Cool (AC).",1017.5,15.3,none
89.86,1.05,8.1,0.0,0.99,0.0,0.0,0.0,0.0,0.0,0.0,0.0,0.0,0.0,1035.0,"Solution: 960.0°C for 1.0h, cooled by Air Cool (AC). Aging: 550.0°C for 8.0h, cooled by Air Cool (AC).",919.5,16.5,none
89.86,1.05,8.1,0.0,0.99,0.0,0.0,0.0,0.0,0.0,0.0,0.0,0.0,0.0,1035.0,"Solution: 960.0°C for 1.0h, cooled by Air Cool (AC). Aging: 620.0°C for 8.0h, cooled by Air Cool (AC).",929.0,16.3,none
89.86,1.05,8.1,0.0,0.99,0.0,0.0,0.0,0.0,0.0,0.0,0.0,0.0,0.0,1035.0,"Solution: 1010.0°C for 1.0h, cooled by Water Quench (WQ). Aging: 580.0°C for 8.0h, cooled by Air Cool (AC).",1028.5,16.8,none
89.86,1.05,8.1,0.0,0.99,0.0,0.0,0.0,0.0,0.0,0.0,0.0,0.0,0.0,1035.0,"Solution: 1010.0°C for 1.0h, cooled by Air Cool (AC). Aging: 550.0°C for 8.0h, cooled by Air Cool (AC).",919.5,16.3,none
89.86,1.05,8.1,0.0,0.99,0.0,0.0,0.0,0.0,0.0,0.0,0.0,0.0,0.0,1035.0,"Solution: 1010.0°C for 1.0h, cooled by Air Cool (AC). Aging: 620.0°C for 8.0h, cooled by Air Cool (AC).",938.5,17.8,none
86.63,6.65,5.0,0.0,0.0,0.0,0.0,0.0,0.0,1.62,0.0,0.0,0.1,0.0,910.0,"Forging temperature: 800.0°C. Solution: 780.0°C for 1.0h, cooled by Air Cool (AC). Aging: 560.0°C for 6.0h, cooled by Air Cool (AC).",1126.59,18.5685,none
86.63,6.65,5.0,0.0,0.0,0.0,0.0,0.0,0.0,1.62,0.0,0.0,0.1,0.0,910.0,"Forging temperature: 800.0°C. Solution: 780.0°C for 1.0h, cooled by Air Cool (AC). Aging: 560.0°C for 6.0h, cooled by Air Cool (AC).",1160.2,17.6045,none
86.63,6.65,5.0,0.0,0.0,0.0,0.0,0.0,0.0,1.62,0.0,0.0,0.1,0.0,910.0,"Forging temperature: 800.0°C. Solution: 780.0°C for 1.0h, cooled by Air Cool (AC). Aging: 560.0°C for 6.0h, cooled by Air Cool (AC).",1098.76,18.0625,none
86.63,6.65,5.0,0.0,0.0,0.0,0.0,0.0,0.0,1.62,0.0,0.0,0.1,0.0,910.0,"Forging temperature: 830.0°C. Solution: 780.0°C for 1.0h, cooled by Air Cool (AC). Aging: 560.0°C for 6.0h, cooled by Air Cool (AC).",1180.3,15.9626,none
86.63,6.65,5.0,0.0,0.0,0.0,0.0,0.0,0.0,1.62,0.0,0.0,0.1,0.0,910.0,"Forging temperature: 830.0°C. Solution: 780.0°C for 1.0h, cooled by Air Cool (AC). Aging: 560.0°C for 6.0h, cooled by Air Cool (AC).",1178.1,13.6577,none
86.63,6.65,5.0,0.0,0.0,0.0,0.0,0.0,0.0,1.62,0.0,0.0,0.1,0.0,910.0,"Forging temperature: 830.0°C. Solution: 780.0°C for 1.0h, cooled by Air Cool (AC). Aging: 560.0°C for 6.0h, cooled by Air Cool (AC).",1188.3,11.9832,none
86.63,6.65,5.0,0.0,0.0,0.0,0.0,0.0,0.0,1.62,0.0,0.0,0.1,0.0,910.0,"Forging temperature: 860.0°C. Solution: 780.0°C for 1.0h, cooled by Air Cool (AC). Aging: 560.0°C for 6.0h, cooled by Air Cool (AC).",1172.04,17.9375,none
86.63,6.65,5.0,0.0,0.0,0.0,0.0,0.0,0.0,1.62,0.0,0.0,0.1,0.0,910.0,"Forging temperature: 860.0°C. Solution: 780.0°C for 1.0h, cooled by Air Cool (AC). Aging: 560.0°C for 6.0h, cooled by Air Cool (AC).",1173.96,15.3943,none
86.63,6.65,5.0,0.0,0.0,0.0,0.0,0.0,0.0,1.62,0.0,0.0,0.1,0.0,910.0,"Forging temperature: 860.0°C. Solution: 780.0°C for 1.0h, cooled by Air Cool (AC). Aging: 560.0°C for 6.0h, cooled by Air Cool (AC).",1173.14,12.5359,none
86.63,6.65,5.0,0.0,0.0,0.0,0.0,0.0,0.0,1.62,0.0,0.0,0.1,0.0,910.0,"Forging temperature: 890.0°C. Solution: 780.0°C for 1.0h, cooled by Air Cool (AC). Aging: 560.0°C for 6.0h, cooled by Air Cool (AC).",1161.02,17.0685,none
86.63,6.65,5.0,0.0,0.0,0.0,0.0,0.0,0.0,1.62,0.0,0.0,0.1,0.0,910.0,"Forging temperature: 890.0°C. Solution: 780.0°C for 1.0h, cooled by Air Cool (AC). Aging: 560.0°C for 6.0h, cooled by Air Cool (AC).",1162.64,10.4205,none
86.63,6.65,5.0,0.0,0.0,0.0,0.0,0.0,0.0,1.62,0.0,0.0,0.1,0.0,910.0,"Forging temperature: 890.0°C. Solution: 780.0°C for 1.0h, cooled by Air Cool (AC). Aging: 560.0°C for 6.0h, cooled by Air Cool (AC).",1153.3,14.7467,none
86.63,6.65,5.0,0.0,0.0,0.0,0.0,0.0,0.0,1.62,0.0,0.0,0.1,0.0,910.0,"Forging temperature: 920.0°C. Solution: 780.0°C for 1.0h, cooled by Air Cool (AC). Aging: 560.0°C for 6.0h, cooled by Air Cool (AC).",1130.72,13.8316,none
86.63,6.65,5.0,0.0,0.0,0.0,0.0,0.0,0.0,1.62,0.0,0.0,0.1,0.0,910.0,"Forging temperature: 920.0°C. Solution: 780.0°C for 1.0h, cooled by Air Cool (AC). Aging: 560.0°C for 6.0h, cooled by Air Cool (AC).",1172.59,9.55273,none
86.63,6.65,5.0,0.0,0.0,0.0,0.0,0.0,0.0,1.62,0.0,0.0,0.1,0.0,910.0,"Forging temperature: 920.0°C. Solution: 780.0°C for 1.0h, cooled by Air Cool (AC). Aging: 560.0°C for 6.0h, cooled by Air Cool (AC).",1167.63,10.0095,none
86.63,6.65,5.0,0.0,0.0,0.0,0.0,0.0,0.0,1.62,0.0,0.0,0.1,0.0,910.0,"Forging temperature: 950.0°C. Solution: 780.0°C for 1.0h, cooled by Air Cool (AC). Aging: 560.0°C for 6.0h, cooled by Air Cool (AC).",1147.24,12.0158,none
86.63,6.65,5.0,0.0,0.0,0.0,0.0,0.0,0.0,1.62,0.0,0.0,0.1,0.0,910.0,"Forging temperature: 950.0°C. Solution: 780.0°C for 1.0h, cooled by Air Cool (AC). Aging: 560.0°C for 6.0h, cooled by Air Cool (AC).",1186.37,12.0775,none
86.63,6.65,5.0,0.0,0.0,0.0,0.0,0.0,0.0,1.62,0.0,0.0,0.1,0.0,910.0,"Forging temperature: 950.0°C. Solution: 780.0°C for 1.0h, cooled by Air Cool (AC). Aging: 560.0°C for 6.0h, cooled by Air Cool (AC).",1188.29,12.1405,none
87.93,0.97,6.13,0.0,0.0,1.95,0.0,3.02,0.0,0.0,0.0,0.0,0.0,0.0,1000.0,"Forging temperature: 940.0°C. Deformation amount: 80.0%. Annealing: 900.0°C for 1.5h, cooled by Air Cool (AC).",931.907,14.5983,none
87.93,0.97,6.13,0.0,0.0,1.95,0.0,3.02,0.0,0.0,0.0,0.0,0.0,0.0,1000.0,"Forging temperature: 940.0°C. Deformation amount: 70.0%. Annealing: 900.0°C for 1.5h, cooled by Air Cool (AC).",901.572,18.0018,none
87.93,0.97,6.13,0.0,0.0,1.95,0.0,3.02,0.0,0.0,0.0,0.0,0.0,0.0,1000.0,"Forging temperature: 940.0°C. Deformation amount: 70.0%. Annealing: 800.0°C for 1.5h, cooled by Air Cool (AC).",919.588,15.9739,none
87.93,0.97,6.13,0.0,0.0,1.95,0.0,3.02,0.0,0.0,0.0,0.0,0.0,0.0,1000.0,"Forging temperature: 940.0°C. Deformation amount: 70.0%. Annealing: 960.0°C for 1.5h, cooled by Air Cool (AC).",880.412,17.0832,none
87.93,0.97,6.13,0.0,0.0,1.95,0.0,3.02,0.0,0.0,0.0,0.0,0.0,0.0,1000.0,"Forging temperature: 940.0°C. Deformation amount: 70.0%. Annealing: 1020.0°C for 1.5h, cooled by Air Cool (AC).",880.412,10.9894,none
87.93,0.97,6.13,0.0,0.0,1.95,0.0,3.02,0.0,0.0,0.0,0.0,0.0,0.0,1000.0,"Forging temperature: 940.0°C. Deformation amount: 70.0%. Solution: 970.0°C for 1.5h, cooled by Water Quench (WQ). Aging: 600.0°C for 4.0h, cooled by Air Cool (AC).",983.505,16.8332,none
87.93,0.97,6.13,0.0,0.0,1.95,0.0,3.02,0.0,0.0,0.0,0.0,0.0,0.0,1000.0,"Forging temperature: 940.0°C. Deformation amount: 70.0%. Annealing: 970.0°C for 1.5h, cooled by Air Cool (AC). Second Annealing: 600.0°C for 2.0h, cooled by Air Cool (AC).",903.093,18.1489,none
87.93,0.97,6.13,0.0,0.0,1.95,0.0,3.02,0.0,0.0,0.0,0.0,0.0,0.0,1000.0,"Forging temperature: 940.0°C. Deformation amount: 60.0%. Annealing: 900.0°C for 1.5h, cooled by Air Cool (AC).",899.501,17.5453,none
87.93,0.97,6.13,0.0,0.0,1.95,0.0,3.02,0.0,0.0,0.0,0.0,0.0,0.0,1000.0,"Forging temperature: 940.0°C. Deformation amount: 50.0%. Annealing: 900.0°C for 1.5h, cooled by Air Cool (AC).",887.195,16.1742,none
87.3,1.09,6.25,0.0,0.0,2.05,0.0,3.2,0.0,0.0,0.0,0.0,0.11,0.0,1002.5,"Solution: 970.0°C for 2.0h, cooled by Air Cool (AC). Aging: 750.0°C for 2.0h, cooled by Air Cool (AC).",879.67525,16.701025,none
86.629,1.04,6.75,0.0,0.0,2.11,0.0,3.1,0.0,0.0,0.0,0.371,0.0,0.0,995.0,"Solution: 950.0°C for 1.0h, cooled by Water Quench (WQ).",950.0,15.3,none
86.629,1.04,6.75,0.0,0.0,2.11,0.0,3.1,0.0,0.0,0.0,0.371,0.0,0.0,995.0,"Solution: 965.0°C for 1.0h, cooled by Water Quench (WQ).",989.0,13.4,none
86.629,1.04,6.75,0.0,0.0,2.11,0.0,3.1,0.0,0.0,0.0,0.371,0.0,0.0,995.0,"Solution: 980.0°C for 1.0h, cooled by Water Quench (WQ).",990.0,12.6,none
86.629,1.04,6.75,0.0,0.0,2.11,0.0,3.1,0.0,0.0,0.0,0.371,0.0,0.0,995.0,"Solution: 950.0°C for 1.0h, cooled by Air Cool (AC).",874.0,14.9,none
86.629,1.04,6.75,0.0,0.0,2.11,0.0,3.1,0.0,0.0,0.0,0.371,0.0,0.0,995.0,"Solution: 965.0°C for 1.0h, cooled by Air Cool (AC).",881.0,14.5,none
86.629,1.04,6.75,0.0,0.0,2.11,0.0,3.1,0.0,0.0,0.0,0.371,0.0,0.0,995.0,"Solution: 980.0°C for 1.0h, cooled by Air Cool (AC).",891.0,13.4,none
86.629,1.04,6.75,0.0,0.0,2.11,0.0,3.1,0.0,0.0,0.0,0.371,0.0,0.0,995.0,"Solution: 950.0°C for 1.0h, cooled by Water Quench (WQ). Second Solution: 900.0°C for 1.0h, cooled by Water Quench (WQ).",872.0,15.5,none
86.629,1.04,6.75,0.0,0.0,2.11,0.0,3.1,0.0,0.0,0.0,0.371,0.0,0.0,995.0,"Solution: 930.0°C for 1.0h, cooled by Water Quench (WQ).",884.0,14.4,none
86.629,1.04,6.75,0.0,0.0,2.11,0.0,3.1,0.0,0.0,0.0,0.371,0.0,0.0,995.0,"Solution: 900.0°C for 1.0h, cooled by Air Cool (AC).",869.0,16.5,none
86.629,1.04,6.75,0.0,0.0,2.11,0.0,3.1,0.0,0.0,0.0,0.371,0.0,0.0,995.0,"Solution: 930.0°C for 1.0h, cooled by Air Cool (AC).",876.0,16.4,none
86.629,1.04,6.75,0.0,0.0,2.11,0.0,3.1,0.0,0.0,0.0,0.371,0.0,0.0,995.0,"Solution: 965.0°C for 1.0h, cooled by Water Quench (WQ). Second Solution: 900.0°C for 1.0h, cooled by Water Quench (WQ).",903.0,17.1,none
86.629,1.04,6.75,0.0,0.0,2.11,0.0,3.1,0.0,0.0,0.0,0.371,0.0,0.0,995.0,"Solution: 930.0°C for 1.0h, cooled by Water Quench (WQ).",919.0,16.9,none
86.629,1.04,6.75,0.0,0.0,2.11,0.0,3.1,0.0,0.0,0.0,0.371,0.0,0.0,995.0,"Solution: 950.0°C for 1.0h, cooled by Water Quench (WQ).",1017.0,16.2,none
86.629,1.04,6.75,0.0,0.0,2.11,0.0,3.1,0.0,0.0,0.0,0.371,0.0,0.0,995.0,"Solution: 900.0°C for 1.0h, cooled by Air Cool (AC).",873.0,17.1,none
86.629,1.04,6.75,0.0,0.0,2.11,0.0,3.1,0.0,0.0,0.0,0.371,0.0,0.0,995.0,"Solution: 930.0°C for 1.0h, cooled by Air Cool (AC).",875.0,14.5,none
86.629,1.04,6.75,0.0,0.0,2.11,0.0,3.1,0.0,0.0,0.0,0.371,0.0,0.0,995.0,"Solution: 950.0°C for 1.0h, cooled by Air Cool (AC).",874.0,15.8,none
86.629,1.04,6.75,0.0,0.0,2.11,0.0,3.1,0.0,0.0,0.0,0.371,0.0,0.0,995.0,"Solution: 980.0°C for 1.0h, cooled by Water Quench (WQ). Second Solution: 900.0°C for 1.0h, cooled by Water Quench (WQ).",915.0,13.6,none
86.629,1.04,6.75,0.0,0.0,2.11,0.0,3.1,0.0,0.0,0.0,0.371,0.0,0.0,995.0,"Solution: 930.0°C for 1.0h, cooled by Water Quench (WQ).",990.0,13.4,none
86.629,1.04,6.75,0.0,0.0,2.11,0.0,3.1,0.0,0.0,0.0,0.371,0.0,0.0,995.0,"Solution: 950.0°C for 1.0h, cooled by Water Quench (WQ).",1031.0,12.6,none
86.629,1.04,6.75,0.0,0.0,2.11,0.0,3.1,0.0,0.0,0.0,0.371,0.0,0.0,995.0,"Solution: 965.0°C for 1.0h, cooled by Water Quench (WQ).",1037.0,12.7,none
86.629,1.04,6.75,0.0,0.0,2.11,0.0,3.1,0.0,0.0,0.0,0.371,0.0,0.0,995.0,"Solution: 900.0°C for 1.0h, cooled by Air Cool (AC).",894.0,17.5,none
86.629,1.04,6.75,0.0,0.0,2.11,0.0,3.1,0.0,0.0,0.0,0.371,0.0,0.0,995.0,"Solution: 930.0°C for 1.0h, cooled by Air Cool (AC).",864.0,14.8,none
86.629,1.04,6.75,0.0,0.0,2.11,0.0,3.1,0.0,0.0,0.0,0.371,0.0,0.0,995.0,"Solution: 950.0°C for 1.0h, cooled by Air Cool (AC).",857.0,15.6,none
86.629,1.04,6.75,0.0,0.0,2.11,0.0,3.1,0.0,0.0,0.0,0.371,0.0,0.0,995.0,"Solution: 965.0°C for 1.0h, cooled by Air Cool (AC).",896.0,15.0,none
95.115,0.0,2.92,0.0,0.0,0.0,0.0,0.0,0.0,1.84,0.0,0.0,0.125,0.0,815.0,"Solution: 845.0°C for 0.5h, cooled by Water Quench (WQ). Aging: 520.0°C for 8.0h, cooled by Air Cool (AC).",1300.0,3.8,none
95.115,0.0,2.92,0.0,0.0,0.0,0.0,0.0,0.0,1.84,0.0,0.0,0.125,0.0,815.0,"Solution: 845.0°C for 0.5h, cooled by Water Quench (WQ). Aging: 300.0°C for 8.0h, cooled by Air Cool (AC).",1300.0,4.0,none
95.115,0.0,2.92,0.0,0.0,0.0,0.0,0.0,0.0,1.84,0.0,0.0,0.125,0.0,815.0,"Solution: 760.0°C for 2.0h, cooled by Water Quench (WQ). Aging: 520.0°C for 8.0h, cooled by Air Cool (AC).",1170.0,12.0,none
95.115,0.0,2.92,0.0,0.0,0.0,0.0,0.0,0.0,1.84,0.0,0.0,0.125,0.0,815.0,"Processing temperature: 700.0°C. Deformation amount: 40.0%. Aging: 500.0°C for 8.0h, cooled by Air Cool (AC).",1104.43,12.8678,none
95.115,0.0,2.92,0.0,0.0,0.0,0.0,0.0,0.0,1.84,0.0,0.0,0.125,0.0,815.0,"Processing temperature: 780.0°C. Deformation amount: 40.0%. Aging: 500.0°C for 8.0h, cooled by Air Cool (AC).",1149.71,11.5757,none
95.115,0.0,2.92,0.0,0.0,0.0,0.0,0.0,0.0,1.84,0.0,0.0,0.125,0.0,815.0,"Processing temperature: 845.0°C. Deformation amount: 40.0%. Aging: 500.0°C for 8.0h, cooled by Air Cool (AC).",1327.61,2.55886,none
95.115,0.0,2.92,0.0,0.0,0.0,0.0,0.0,0.0,1.84,0.0,0.0,0.125,0.0,815.0,"Processing temperature: 700.0°C. Deformation amount: 35.0%. Aging: 500.0°C for 8.0h, cooled by Air Cool (AC).",1124.68,13.8583,none
95.115,0.0,2.92,0.0,0.0,0.0,0.0,0.0,0.0,1.84,0.0,0.0,0.125,0.0,815.0,"Processing temperature: 700.0°C. Deformation amount: 45.0%. Aging: 500.0°C for 8.0h, cooled by Air Cool (AC).",1145.02,16.063,none
95.115,0.0,2.92,0.0,0.0,0.0,0.0,0.0,0.0,1.84,0.0,0.0,0.125,0.0,815.0,"Processing temperature: 700.0°C. Deformation amount: 50.0%. Aging: 500.0°C for 8.0h, cooled by Air Cool (AC).",1134.85,15.7874,none
95.115,0.0,2.92,0.0,0.0,0.0,0.0,0.0,0.0,1.84,0.0,0.0,0.125,0.0,815.0,"Processing temperature: 780.0°C. Deformation amount: 45.0%. Aging: 500.0°C for 8.0h, cooled by Air Cool (AC).",1155.0,16.8,none
95.115,0.0,2.92,0.0,0.0,0.0,0.0,0.0,0.0,1.84,0.0,0.0,0.125,0.0,815.0,"Processing temperature: 780.0°C. Deformation amount: 45.0%. Aging: 300.0°C for 8.0h, cooled by Air Cool (AC). Second Aging: 500.0°C for 8.0h, cooled by Air Cool (AC).",1260.0,13.2,none
95.115,0.0,2.92,0.0,0.0,0.0,0.0,0.0,0.0,1.84,0.0,0.0,0.125,0.0,815.0,"Processing temperature: 780.0°C. Deformation amount: 45.0%. Aging: 300.0°C for 8.0h, cooled by Air Cool (AC). Second Aging: 500.0°C for 16.0h, cooled by Air Cool (AC).",1230.0,16.0,none
95.115,0.0,2.92,0.0,0.0,0.0,0.0,0.0,0.0,1.84,0.0,0.0,0.125,0.0,815.0,"Processing temperature: 845.0°C. Deformation amount: 45.0%. Aging: 500.0°C for 8.0h, cooled by Air Cool (AC).",1330.0,7.5,none
95.115,0.0,2.92,0.0,0.0,0.0,0.0,0.0,0.0,1.84,0.0,0.0,0.125,0.0,815.0,"Processing temperature: 845.0°C. Deformation amount: 45.0%. Aging: 300.0°C for 8.0h, cooled by Air Cool (AC). Second Aging: 500.0°C for 8.0h, cooled by Air Cool (AC).",1355.0,2.8,none
95.115,0.0,2.92,0.0,0.0,0.0,0.0,0.0,0.0,1.84,0.0,0.0,0.125,0.0,815.0,"Processing temperature: 845.0°C. Deformation amount: 45.0%. Solution: 780.0°C for 1.0h, cooled by Oil Quench (OQ). Second Solution: 755.0°C for 1.0h, cooled by Water Quench (WQ). Aging: 520.0°C for 8.0h, cooled by Air Cool (AC).",1250.0,10.5,none
95.115,0.0,2.92,0.0,0.0,0.0,0.0,0.0,0.0,1.84,0.0,0.0,0.125,0.0,815.0,"Processing temperature: 845.0°C. Deformation amount: 45.0%. Solution: 780.0°C for 1.0h, cooled by Oil Quench (OQ). Second Solution: 755.0°C for 1.0h, cooled by Water Quench (WQ). Aging: 520.0°C for 8.0h, cooled by Air Cool (AC).",1263.3,10.2,none
95.115,0.0,2.92,0.0,0.0,0.0,0.0,0.0,0.0,1.84,0.0,0.0,0.125,0.0,815.0,"Processing temperature: 845.0°C. Deformation amount: 45.0%. Solution: 780.0°C for 1.0h, cooled by Air Cool (AC). Second Solution: 755.0°C for 1.0h, cooled by Water Quench (WQ). Aging: 520.0°C for 8.0h, cooled by Air Cool (AC).",1280.0,9.5,none
95.115,0.0,2.92,0.0,0.0,0.0,0.0,0.0,0.0,1.84,0.0,0.0,0.125,0.0,815.0,"Processing temperature: 845.0°C. Deformation amount: 45.0%. Solution: 760.0°C for 2.0h, cooled by Water Quench (WQ). Aging: 520.0°C for 8.0h, cooled by Air Cool (AC).",1245.0,10.3,none
95.115,0.0,2.92,0.0,0.0,0.0,0.0,0.0,0.0,1.84,0.0,0.0,0.125,0.0,815.0,"Processing temperature: 845.0°C. Deformation amount: 45.0%. Solution: 760.0°C for 2.0h, cooled by Water Quench (WQ). Aging: 540.0°C for 8.0h, cooled by Air Cool (AC).",1222.0,11.6,none
95.115,0.0,2.92,0.0,0.0,0.0,0.0,0.0,0.0,1.84,0.0,0.0,0.125,0.0,815.0,"Processing temperature: 845.0°C. Deformation amount: 45.0%. Solution: 760.0°C for 2.0h, cooled by Water Quench (WQ). Aging: 580.0°C for 8.0h, cooled by Air Cool (AC).",1048.0,17.3,none
95.115,0.0,2.92,0.0,0.0,0.0,0.0,0.0,0.0,1.84,0.0,0.0,0.125,0.0,815.0,"Processing temperature: 845.0°C. Deformation amount: 45.0%. Solution: 760.0°C for 2.0h, cooled by Water Quench (WQ). Aging: 620.0°C for 8.0h, cooled by Air Cool (AC).",1018.0,20.0,none
84.62,4.06,5.21,2.06,0.0,0.0,4.05,0.0,0.0,0.0,0.0,0.0,0.0,0.0,893.0,"Forging temperature: 883.0°C. Deformation amount: 30.0%. Solution: 800.0°C for 4.0h, cooled by Water Quench (WQ). Aging: 640.0°C for 8.0h, cooled by Air Cool (AC).",1265.0,9.5,none
84.62,4.06,5.21,2.06,0.0,0.0,4.05,0.0,0.0,0.0,0.0,0.0,0.0,0.0,893.0,"Forging temperature: 883.0°C. Deformation amount: 30.0%. Solution: 800.0°C for 4.0h, cooled by Water Quench (WQ). Aging: 640.0°C for 8.0h, cooled by Air Cool (AC).",1287.5,9.25,none
84.62,4.06,5.21,2.06,0.0,0.0,4.05,0.0,0.0,0.0,0.0,0.0,0.0,0.0,893.0,"Forging temperature: 908.0°C. Deformation amount: 60.0%. Solution: 800.0°C for 4.0h, cooled by Water Quench (WQ). Aging: 640.0°C for 8.0h, cooled by Air Cool (AC).",1220.0,11.75,none
84.62,4.06,5.21,2.06,0.0,0.0,4.05,0.0,0.0,0.0,0.0,0.0,0.0,0.0,893.0,"Forging temperature: 918.0°C. Deformation amount: 60.0%. Solution: 800.0°C for 4.0h, cooled by Water Quench (WQ). Aging: 640.0°C for 8.0h, cooled by Air Cool (AC).",1208.0,12.25,none
84.62,4.06,5.21,2.06,0.0,0.0,4.05,0.0,0.0,0.0,0.0,0.0,0.0,0.0,893.0,"Forging temperature: 928.0°C. Deformation amount: 60.0%. Solution: 800.0°C for 4.0h, cooled by Water Quench (WQ). Aging: 640.0°C for 8.0h, cooled by Air Cool (AC).",1256.5,9.75,none
84.62,4.06,5.21,2.06,0.0,0.0,4.05,0.0,0.0,0.0,0.0,0.0,0.0,0.0,893.0,"Forging temperature: 918.0°C. Deformation amount: 30.0%. Solution: 800.0°C for 4.0h, cooled by Water Quench (WQ). Aging: 640.0°C for 8.0h, cooled by Air Cool (AC).",1212.5,12.75,none
84.62,4.06,5.21,2.06,0.0,0.0,4.05,0.0,0.0,0.0,0.0,0.0,0.0,0.0,893.0,"Forging temperature: 918.0°C. Deformation amount: 45.0%. Solution: 800.0°C for 4.0h, cooled by Water Quench (WQ). Aging: 640.0°C for 8.0h, cooled by Air Cool (AC).",1258.0,12.0,none
84.62,4.06,5.21,2.06,0.0,0.0,4.05,0.0,0.0,0.0,0.0,0.0,0.0,0.0,893.0,"Forging temperature: 918.0°C. Deformation amount: 60.0%. Solution: 800.0°C for 4.0h, cooled by Water Quench (WQ). Aging: 620.0°C for 8.0h, cooled by Air Cool (AC).",1296.5,10.5,none
84.62,4.06,5.21,2.06,0.0,0.0,4.05,0.0,0.0,0.0,0.0,0.0,0.0,0.0,893.0,"Forging temperature: 918.0°C. Deformation amount: 60.0%. Solution: 800.0°C for 4.0h, cooled by Water Quench (WQ). Aging: 680.0°C for 8.0h, cooled by Air Cool (AC).",1176.0,15.0,none
89.86,1.05,8.1,0.0,0.99,0.0,0.0,0.0,0.0,0.0,0.0,0.0,0.0,0.0,1035.0,"Annealing: 910.0°C for 1.0h, cooled by Air Cool (AC).",936.0,16.7,none
89.86,1.05,8.1,0.0,0.99,0.0,0.0,0.0,0.0,0.0,0.0,0.0,0.0,0.0,1035.0,"Annealing: 910.0°C for 2.0h, cooled by Air Cool (AC).",921.0,16.9,none
89.86,1.05,8.1,0.0,0.99,0.0,0.0,0.0,0.0,0.0,0.0,0.0,0.0,0.0,1035.0,"Annealing: 910.0°C for 3.0h, cooled by Air Cool (AC).",910.0,16.4,none
89.86,1.05,8.1,0.0,0.99,0.0,0.0,0.0,0.0,0.0,0.0,0.0,0.0,0.0,1035.0,"Annealing: 910.0°C for 4.0h, cooled by Air Cool (AC).",913.0,19.1,none
89.86,1.05,8.1,0.0,0.99,0.0,0.0,0.0,0.0,0.0,0.0,0.0,0.0,0.0,1035.0,"Annealing: 910.0°C for 5.0h, cooled by Air Cool (AC).",890.0,17.4,none
89.86,1.05,8.1,0.0,0.99,0.0,0.0,0.0,0.0,0.0,0.0,0.0,0.0,0.0,1035.0,"Annealing: 910.0°C for 6.0h, cooled by Air Cool (AC).",906.0,21.1,none
87.37,4.8,3.3,0.0,4.4,0.0,0.0,0.0,0.0,0.0,0.0,0.0,0.13,0.0,865.0,"no process",886.97,18.76,none
87.37,4.8,3.3,0.0,4.4,0.0,0.0,0.0,0.0,0.0,0.0,0.0,0.13,0.0,865.0,"Solution: 820.0°C for 2.0h, cooled by Air Cool (AC). Aging: 560.0°C for 6.0h, cooled by Air Cool (AC).",961.72,21.72,none
87.37,4.8,3.3,0.0,4.4,0.0,0.0,0.0,0.0,0.0,0.0,0.0,0.13,0.0,865.0,"Solution: 820.0°C for 3.0h, cooled by Air Cool (AC). Aging: 560.0°C for 7.0h, cooled by Air Cool (AC).",961.51,23.11,none
87.37,4.8,3.3,0.0,4.4,0.0,0.0,0.0,0.0,0.0,0.0,0.0,0.13,0.0,865.0,"Solution: 820.0°C for 4.0h, cooled by Air Cool (AC). Aging: 560.0°C for 8.0h, cooled by Air Cool (AC).",998.15,23.45,none
87.37,4.8,3.3,0.0,4.4,0.0,0.0,0.0,0.0,0.0,0.0,0.0,0.13,0.0,865.0,"Solution: 820.0°C for 5.0h, cooled by Air Cool (AC). Aging: 560.0°C for 9.0h, cooled by Air Cool (AC).",987.01,23.35,none
87.37,4.8,3.3,0.0,4.4,0.0,0.0,0.0,0.0,0.0,0.0,0.0,0.13,0.0,865.0,"Solution: 820.0°C for 6.0h, cooled by Air Cool (AC). Aging: 560.0°C for 10.0h, cooled by Air Cool (AC).",980.21,23.3,none
87.37,4.8,3.3,0.0,4.4,0.0,0.0,0.0,0.0,0.0,0.0,0.0,0.13,0.0,865.0,"Solution: 820.0°C for 7.0h, cooled by Air Cool (AC). Aging: 580.0°C for 6.0h, cooled by Air Cool (AC).",930.25,22.59,none
87.37,4.8,3.3,0.0,4.4,0.0,0.0,0.0,0.0,0.0,0.0,0.0,0.13,0.0,865.0,"Solution: 820.0°C for 8.0h, cooled by Air Cool (AC). Aging: 580.0°C for 7.0h, cooled by Air Cool (AC).",931.47,22.88,none
87.37,4.8,3.3,0.0,4.4,0.0,0.0,0.0,0.0,0.0,0.0,0.0,0.13,0.0,865.0,"Solution: 820.0°C for 9.0h, cooled by Air Cool (AC). Aging: 580.0°C for 8.0h, cooled by Air Cool (AC).",1007.3,24.25,none
87.37,4.8,3.3,0.0,4.4,0.0,0.0,0.0,0.0,0.0,0.0,0.0,0.13,0.0,865.0,"Solution: 820.0°C for 10.0h, cooled by Air Cool (AC). Aging: 580.0°C for 9.0h, cooled by Air Cool (AC).",977.95,24.05,none
87.37,4.8,3.3,0.0,4.4,0.0,0.0,0.0,0.0,0.0,0.0,0.0,0.13,0.0,865.0,"Solution: 820.0°C for 11.0h, cooled by Air Cool (AC). Aging: 580.0°C for 10.0h, cooled by Air Cool (AC).",974.97,24.01,none
87.37,4.8,3.3,0.0,4.4,0.0,0.0,0.0,0.0,0.0,0.0,0.0,0.13,0.0,865.0,"Solution: 820.0°C for 12.0h, cooled by Air Cool (AC). Aging: 600.0°C for 6.0h, cooled by Air Cool (AC).",913.02,25.34,none
87.37,4.8,3.3,0.0,4.4,0.0,0.0,0.0,0.0,0.0,0.0,0.0,0.13,0.0,865.0,"Solution: 820.0°C for 13.0h, cooled by Air Cool (AC). Aging: 600.0°C for 7.0h, cooled by Air Cool (AC).",917.65,25.51,none
87.37,4.8,3.3,0.0,4.4,0.0,0.0,0.0,0.0,0.0,0.0,0.0,0.13,0.0,865.0,"Solution: 820.0°C for 14.0h, cooled by Air Cool (AC). Aging: 600.0°C for 8.0h, cooled by Air Cool (AC).",970.81,25.0,none
87.37,4.8,3.3,0.0,4.4,0.0,0.0,0.0,0.0,0.0,0.0,0.0,0.13,0.0,865.0,"Solution: 820.0°C for 15.0h, cooled by Air Cool (AC). Aging: 600.0°C for 9.0h, cooled by Air Cool (AC).",958.4,24.95,none
87.37,4.8,3.3,0.0,4.4,0.0,0.0,0.0,0.0,0.0,0.0,0.0,0.13,0.0,865.0,"Solution: 820.0°C for 16.0h, cooled by Air Cool (AC). Aging: 600.0°C for 10.0h, cooled by Air Cool (AC).",951.0,24.7,none
87.37,4.8,3.3,0.0,4.4,0.0,0.0,0.0,0.0,0.0,0.0,0.0,0.13,0.0,865.0,"Annealing: 780.0°C for 3.0h, cooled by Oil Quench (OQ).",847.12,26.2,none
87.37,4.8,3.3,0.0,4.4,0.0,0.0,0.0,0.0,0.0,0.0,0.0,0.13,0.0,865.0,"Annealing: 800.0°C for 3.0h, cooled by Oil Quench (OQ).",842.85,25.04,none
87.37,4.8,3.3,0.0,4.4,0.0,0.0,0.0,0.0,0.0,0.0,0.0,0.13,0.0,865.0,"Annealing: 820.0°C for 3.0h, cooled by Oil Quench (OQ).",844.02,23.74,none
87.37,4.8,3.3,0.0,4.4,0.0,0.0,0.0,0.0,0.0,0.0,0.0,0.13,0.0,865.0,"Annealing: 840.0°C for 3.0h, cooled by Oil Quench (OQ).",857.7,23.6,none
87.37,4.8,3.3,0.0,4.4,0.0,0.0,0.0,0.0,0.0,0.0,0.0,0.13,0.0,865.0,"Annealing: 860.0°C for 3.0h, cooled by Oil Quench (OQ).",880.98,22.54,none
87.37,4.8,3.3,0.0,4.4,0.0,0.0,0.0,0.0,0.0,0.0,0.0,0.13,0.0,865.0,"Annealing: 880.0°C for 3.0h, cooled by Oil Quench (OQ).",878.6,18.92,none
86.4,0.4,6.0,2.75,0.0,4.0,0.0,0.0,0.0,0.0,0.0,0.45,0.0,0.0,0.0,"Solution: 950.0°C for 1.0h, cooled by Water Quench (WQ). Aging: 650.0°C for 6.0h, cooled by Air Cool (AC).",1026.0,3.7,none
86.51,0.0,6.0,2.8,0.0,3.6,0.0,0.0,0.72,0.0,0.0,0.37,0.0,0.0,0.0,"Solution: 950.0°C for 1.0h, cooled by Water Quench (WQ). Aging: 650.0°C for 6.0h, cooled by Air Cool (AC).",990.0,3.9,none
86.86,0.0,6.0,2.8,0.0,3.6,0.0,0.37,0.0,0.0,0.0,0.37,0.0,0.0,0.0,"Solution: 950.0°C for 1.0h, cooled by Water Quench (WQ). Aging: 650.0°C for 6.0h, cooled by Air Cool (AC).",990.0,4.1,none
86.69,0.0,6.0,2.8,0.0,3.6,0.0,0.18,0.36,0.0,0.0,0.37,0.0,0.0,0.0,"Solution: 950.0°C for 1.0h, cooled by Water Quench (WQ). Aging: 650.0°C for 6.0h, cooled by Air Cool (AC).",1032.0,2.7,none
86.74,0.13,6.0,2.8,0.0,3.6,0.0,0.12,0.24,0.0,0.0,0.37,0.0,0.0,0.0,"Solution: 950.0°C for 1.0h, cooled by Water Quench (WQ). Aging: 650.0°C for 6.0h, cooled by Air Cool (AC).",995.0,8.1,none
61.7,4.8,0.0,5.9,0.0,9.1,0.0,18.5,0.0,0.0,0.0,0.0,0.0,0.0,0.0,"no process",519.0,6.4,none
65.6,4.9,0.0,6.0,0.0,9.3,0.0,14.2,0.0,0.0,0.0,0.0,0.0,0.0,0.0,"no process",701.0,13.6,none
69.6,5.0,0.0,6.2,0.0,9.5,0.0,9.7,0.0,0.0,0.0,0.0,0.0,0.0,0.0,"no process",715.0,12.5,none
73.8,5.1,0.0,6.3,0.0,4.9,0.0,9.9,0.0,0.0,0.0,0.0,0.0,0.0,0.0,"no process",762.0,13.8,none
68.0,5.3,0.0,6.5,0.0,5.0,0.0,15.2,0.0,0.0,0.0,0.0,0.0,0.0,0.0,"no process",692.0,14.2,none
68.0,5.3,0.0,6.5,0.0,10.0,0.0,10.2,0.0,0.0,0.0,0.0,0.0,0.0,0.0,"no process",715.0,7.6,none
68.0,5.3,0.0,6.5,0.0,10.0,0.0,10.2,0.0,0.0,0.0,0.0,0.0,0.0,0.0,"Solution: 950.0°C for 2.0h, cooled by Water Quench (WQ).",577.0,6.7,none
68.0,5.3,0.0,6.5,0.0,10.0,0.0,10.2,0.0,0.0,0.0,0.0,0.0,0.0,0.0,"Processing temperature: 90.0°C.",738.0,2.7,none
68.0,5.3,0.0,6.5,0.0,10.0,0.0,10.2,0.0,0.0,0.0,0.0,0.0,0.0,0.0,"Processing temperature: 90.0°C. Aging: 400.0°C for 0.333333333h, cooled by Water Quench (WQ).",1369.0,2.9,none
68.0,5.3,0.0,6.5,0.0,10.0,0.0,10.2,0.0,0.0,0.0,0.0,0.0,0.0,0.0,"Processing temperature: 90.0°C. Solution: 950.0°C for 1.0h, cooled by Water Quench (WQ).",813.0,8.1,none
68.0,5.3,0.0,6.5,0.0,10.0,0.0,10.2,0.0,0.0,0.0,0.0,0.0,0.0,0.0,"Processing temperature: 90.0°C. Solution: 950.0°C for 1.0h, cooled by Water Quench (WQ). Aging: 400.0°C for 0.333333333h, cooled by Water Quench (WQ).",635.0,1.5,none
62.8,0.0,0.0,11.0,0.0,0.0,0.0,26.2,0.0,0.0,0.0,0.0,0.0,0.0,0.0,"no process",447.0,16.9,none
62.8,0.0,0.0,11.0,0.0,0.0,0.0,26.2,0.0,0.0,0.0,0.0,0.0,0.0,0.0,"Processing temperature: 90.0°C.",855.0,6.3,none
62.8,0.0,0.0,11.0,0.0,0.0,0.0,26.2,0.0,0.0,0.0,0.0,0.0,0.0,0.0,"Processing temperature: 90.0°C. Aging: 400.0°C for 0.333333333h, cooled by Water Quench (WQ).",1049.0,3.7,none
62.8,0.0,0.0,11.0,0.0,0.0,0.0,26.2,0.0,0.0,0.0,0.0,0.0,0.0,0.0,"Processing temperature: 90.0°C. Aging: 450.0°C for 0.333333333h, cooled by Water Quench (WQ).",799.0,4.0,none
62.8,0.0,0.0,11.0,0.0,0.0,0.0,26.2,0.0,0.0,0.0,0.0,0.0,0.0,0.0,"Processing temperature: 90.0°C. Solution: 950.0°C for 1.0h, cooled by Water Quench (WQ).",590.0,27.8,none
62.8,0.0,0.0,11.0,0.0,0.0,0.0,26.2,0.0,0.0,0.0,0.0,0.0,0.0,0.0,"Processing temperature: 90.0°C. Solution: 950.0°C for 1.0h, cooled by Water Quench (WQ). Aging: 400.0°C for 0.333333333h, cooled by Water Quench (WQ).",576.0,19.5,none
62.8,0.0,0.0,11.0,0.0,0.0,0.0,26.2,0.0,0.0,0.0,0.0,0.0,0.0,0.0,"Processing temperature: 90.0°C. Solution: 950.0°C for 1.0h, cooled by Water Quench (WQ). Aging: 450.0°C for 0.333333333h, cooled by Water Quench (WQ).",587.0,14.1,none
79.76,4.8,5.39,0.0,4.95,1.09,3.9,0.0,0.0,0.0,0.0,0.0,0.11,0.0,845.0,"Solution: 800.0°C for 2.0h, cooled by Air Cool (AC). Aging: 600.0°C for 6.0h, cooled by Air Cool (AC).",1241.75,3.772,none
79.76,4.8,5.39,0.0,4.95,1.09,3.9,0.0,0.0,0.0,0.0,0.0,0.11,0.0,845.0,"Solution: 800.0°C for 2.0h, cooled by Air Cool (AC). Aging: 600.0°C for 7.0h, cooled by Air Cool (AC).",1265.29,3.408,none
79.76,4.8,5.39,0.0,4.95,1.09,3.9,0.0,0.0,0.0,0.0,0.0,0.11,0.0,845.0,"Solution: 800.0°C for 2.0h, cooled by Air Cool (AC). Aging: 600.0°C for 8.0h, cooled by Air Cool (AC).",1277.34,4.979,none
79.76,4.8,5.39,0.0,4.95,1.09,3.9,0.0,0.0,0.0,0.0,0.0,0.11,0.0,845.0,"Solution: 800.0°C for 2.0h, cooled by Air Cool (AC). Aging: 600.0°C for 9.0h, cooled by Air Cool (AC).",1268.0,4.311,none
79.76,4.8,5.39,0.0,4.95,1.09,3.9,0.0,0.0,0.0,0.0,0.0,0.11,0.0,845.0,"Solution: 800.0°C for 2.0h, cooled by Air Cool (AC). Aging: 600.0°C for 10.0h, cooled by Air Cool (AC).",1255.66,5.636,none
79.76,4.8,5.39,0.0,4.95,1.09,3.9,0.0,0.0,0.0,0.0,0.0,0.11,0.0,845.0,"Solution: 800.0°C for 2.0h, cooled by Air Cool (AC). Aging: 620.0°C for 6.0h, cooled by Air Cool (AC).",1176.89,3.431,none
79.76,4.8,5.39,0.0,4.95,1.09,3.9,0.0,0.0,0.0,0.0,0.0,0.11,0.0,845.0,"Solution: 800.0°C for 2.0h, cooled by Air Cool (AC). Aging: 620.0°C for 7.0h, cooled by Air Cool (AC).",1196.47,4.15,none
79.76,4.8,5.39,0.0,4.95,1.09,3.9,0.0,0.0,0.0,0.0,0.0,0.11,0.0,845.0,"Solution: 800.0°C for 2.0h, cooled by Air Cool (AC). Aging: 620.0°C for 8.0h, cooled by Air Cool (AC).",1216.9,7.745,none
79.76,4.8,5.39,0.0,4.95,1.09,3.9,0.0,0.0,0.0,0.0,0.0,0.11,0.0,845.0,"Solution: 800.0°C for 2.0h, cooled by Air Cool (AC). Aging: 620.0°C for 9.0h, cooled by Air Cool (AC).",1193.05,8.878,none
79.76,4.8,5.39,0.0,4.95,1.09,3.9,0.0,0.0,0.0,0.0,0.0,0.11,0.0,845.0,"Solution: 800.0°C for 2.0h, cooled by Air Cool (AC). Aging: 620.0°C for 10.0h, cooled by Air Cool (AC).",1176.98,7.237,none
79.76,4.8,5.39,0.0,4.95,1.09,3.9,0.0,0.0,0.0,0.0,0.0,0.11,0.0,845.0,"Solution: 800.0°C for 2.0h, cooled by Air Cool (AC). Aging: 640.0°C for 6.0h, cooled by Air Cool (AC).",1169.89,4.264,none
79.76,4.8,5.39,0.0,4.95,1.09,3.9,0.0,0.0,0.0,0.0,0.0,0.11,0.0,845.0,"Solution: 800.0°C for 2.0h, cooled by Air Cool (AC). Aging: 640.0°C for 7.0h, cooled by Air Cool (AC).",1168.0,7.456,none
79.76,4.8,5.39,0.0,4.95,1.09,3.9,0.0,0.0,0.0,0.0,0.0,0.11,0.0,845.0,"Solution: 800.0°C for 2.0h, cooled by Air Cool (AC). Aging: 640.0°C for 8.0h, cooled by Air Cool (AC).",1185.15,6.521,none
79.76,4.8,5.39,0.0,4.95,1.09,3.9,0.0,0.0,0.0,0.0,0.0,0.11,0.0,845.0,"Solution: 800.0°C for 2.0h, cooled by Air Cool (AC). Aging: 640.0°C for 9.0h, cooled by Air Cool (AC).",1173.91,6.935,none
79.76,4.8,5.39,0.0,4.95,1.09,3.9,0.0,0.0,0.0,0.0,0.0,0.11,0.0,845.0,"Solution: 800.0°C for 2.0h, cooled by Air Cool (AC). Aging: 640.0°C for 10.0h, cooled by Air Cool (AC).",1165.59,5.196,none
79.76,4.8,5.39,0.0,4.95,1.09,3.9,0.0,0.0,0.0,0.0,0.0,0.11,0.0,845.0,"Solution: 860.0°C for 1.5h, cooled by Air Cool (AC). Aging: 600.0°C for 9.0h, cooled by Air Cool (AC).",1196.83,0.0,none
79.76,4.8,5.39,0.0,4.95,1.09,3.9,0.0,0.0,0.0,0.0,0.0,0.11,0.0,845.0,"Solution: 880.0°C for 1.5h, cooled by Air Cool (AC). Aging: 620.0°C for 9.0h, cooled by Air Cool (AC).",1180.66,0.0,none
79.76,4.8,5.39,0.0,4.95,1.09,3.9,0.0,0.0,0.0,0.0,0.0,0.11,0.0,845.0,"Solution: 900.0°C for 1.5h, cooled by Air Cool (AC). Aging: 580.0°C for 9.0h, cooled by Air Cool (AC).",1316.93,0.0,none
79.76,4.8,5.39,0.0,4.95,1.09,3.9,0.0,0.0,0.0,0.0,0.0,0.11,0.0,845.0,"Solution: 900.0°C for 1.5h, cooled by Air Cool (AC). Aging: 600.0°C for 9.0h, cooled by Air Cool (AC).",1268.04,0.0,none
79.76,4.8,5.39,0.0,4.95,1.09,3.9,0.0,0.0,0.0,0.0,0.0,0.11,0.0,845.0,"Solution: 900.0°C for 1.5h, cooled by Air Cool (AC). Aging: 620.0°C for 6.0h, cooled by Air Cool (AC).",1153.17,0.0,none
79.76,4.8,5.39,0.0,4.95,1.09,3.9,0.0,0.0,0.0,0.0,0.0,0.11,0.0,845.0,"Solution: 900.0°C for 1.5h, cooled by Air Cool (AC). Aging: 620.0°C for 7.0h, cooled by Air Cool (AC).",1193.55,0.0,none
79.76,4.8,5.39,0.0,4.95,1.09,3.9,0.0,0.0,0.0,0.0,0.0,0.11,0.0,845.0,"Solution: 900.0°C for 1.5h, cooled by Air Cool (AC). Aging: 620.0°C for 8.0h, cooled by Air Cool (AC).",1246.83,0.0,none
79.76,4.8,5.39,0.0,4.95,1.09,3.9,0.0,0.0,0.0,0.0,0.0,0.11,0.0,845.0,"Solution: 900.0°C for 1.5h, cooled by Air Cool (AC). Aging: 620.0°C for 9.0h, cooled by Air Cool (AC).",1234.52,0.0,none
79.76,4.8,5.39,0.0,4.95,1.09,3.9,0.0,0.0,0.0,0.0,0.0,0.11,0.0,845.0,"Solution: 900.0°C for 1.5h, cooled by Air Cool (AC). Aging: 620.0°C for 10.0h, cooled by Air Cool (AC).",1179.21,0.0,none
79.76,4.8,5.39,0.0,4.95,1.09,3.9,0.0,0.0,0.0,0.0,0.0,0.11,0.0,845.0,"Solution: 900.0°C for 1.5h, cooled by Air Cool (AC). Aging: 640.0°C for 9.0h, cooled by Air Cool (AC).",1208.23,0.0,none
63.96,0.0,0.0,8.08,0.0,3.76,0.0,24.2,0.0,0.0,0.0,0.0,0.0,0.0,675.0,"Aging: 450.0°C for 0.5h, cooled by Air Cool (AC).",1091.0,12.4,none
63.96,0.0,0.0,8.08,0.0,3.76,0.0,24.2,0.0,0.0,0.0,0.0,0.0,0.0,675.0,"Aging: 450.0°C for 1.0h, cooled by Air Cool (AC).",1175.0,12.2,none
63.96,0.0,0.0,8.08,0.0,3.76,0.0,24.2,0.0,0.0,0.0,0.0,0.0,0.0,675.0,"Aging: 450.0°C for 2.0h, cooled by Air Cool (AC).",1213.0,12.4,none
63.96,0.0,0.0,8.08,0.0,3.76,0.0,24.2,0.0,0.0,0.0,0.0,0.0,0.0,675.0,"Aging: 450.0°C for 4.0h, cooled by Air Cool (AC).",1243.0,12.8,none
63.96,0.0,0.0,8.08,0.0,3.76,0.0,24.2,0.0,0.0,0.0,0.0,0.0,0.0,675.0,"Aging: 475.0°C for 0.5h, cooled by Air Cool (AC).",1123.0,16.1,none
63.96,0.0,0.0,8.08,0.0,3.76,0.0,24.2,0.0,0.0,0.0,0.0,0.0,0.0,675.0,"Aging: 475.0°C for 1.0h, cooled by Air Cool (AC).",1144.0,12.3,none
63.96,0.0,0.0,8.08,0.0,3.76,0.0,24.2,0.0,0.0,0.0,0.0,0.0,0.0,675.0,"Aging: 475.0°C for 2.0h, cooled by Air Cool (AC).",1212.0,10.5,none
63.96,0.0,0.0,8.08,0.0,3.76,0.0,24.2,0.0,0.0,0.0,0.0,0.0,0.0,675.0,"Aging: 475.0°C for 4.0h, cooled by Air Cool (AC).",1169.0,14.1,none
63.96,0.0,0.0,8.08,0.0,3.76,0.0,24.2,0.0,0.0,0.0,0.0,0.0,0.0,675.0,"Aging: 500.0°C for 0.5h, cooled by Air Cool (AC).",1105.0,13.4,none
63.96,0.0,0.0,8.08,0.0,3.76,0.0,24.2,0.0,0.0,0.0,0.0,0.0,0.0,675.0,"Aging: 500.0°C for 1.0h, cooled by Air Cool (AC).",1085.0,15.1,none
63.96,0.0,0.0,8.08,0.0,3.76,0.0,24.2,0.0,0.0,0.0,0.0,0.0,0.0,675.0,"Aging: 500.0°C for 2.0h, cooled by Air Cool (AC).",1104.0,14.7,none
63.96,0.0,0.0,8.08,0.0,3.76,0.0,24.2,0.0,0.0,0.0,0.0,0.0,0.0,675.0,"Aging: 500.0°C for 4.0h, cooled by Air Cool (AC).",1148.0,15.5,none
63.96,0.0,0.0,8.08,0.0,3.76,0.0,24.2,0.0,0.0,0.0,0.0,0.0,0.0,675.0,"Aging: 525.0°C for 0.5h, cooled by Air Cool (AC).",1043.0,15.4,none
63.96,0.0,0.0,8.08,0.0,3.76,0.0,24.2,0.0,0.0,0.0,0.0,0.0,0.0,675.0,"Aging: 525.0°C for 1.0h, cooled by Air Cool (AC).",1017.0,15.6,none
63.96,0.0,0.0,8.08,0.0,3.76,0.0,24.2,0.0,0.0,0.0,0.0,0.0,0.0,675.0,"Aging: 525.0°C for 2.0h, cooled by Air Cool (AC).",1024.0,16.4,none
63.96,0.0,0.0,8.08,0.0,3.76,0.0,24.2,0.0,0.0,0.0,0.0,0.0,0.0,675.0,"Aging: 525.0°C for 4.0h, cooled by Air Cool (AC).",1059.0,15.9,none
88.2,3.5,6.5,0.0,0.0,1.5,0.0,0.0,0.0,0.0,0.0,0.3,0.0,0.0,1005.0,"Solution: 940.0°C for 1.0h, cooled by Air Cool (AC). Aging: 530.0°C for 6.0h, cooled by Air Cool (AC).",0.0,17.6733,none
88.2,3.5,6.5,0.0,0.0,1.5,0.0,0.0,0.0,0.0,0.0,0.3,0.0,0.0,1005.0,"Solution: 940.0°C for 1.0h, cooled by Water Quench (WQ). Aging: 530.0°C for 6.0h, cooled by Air Cool (AC).",0.0,7.18183,none
88.2,3.5,6.5,0.0,0.0,1.5,0.0,0.0,0.0,0.0,0.0,0.3,0.0,0.0,1005.0,"Solution: 960.0°C for 1.0h, cooled by Air Cool (AC). Aging: 530.0°C for 6.0h, cooled by Air Cool (AC).",0.0,15.3503,none
88.2,3.5,6.5,0.0,0.0,1.5,0.0,0.0,0.0,0.0,0.0,0.3,0.0,0.0,1005.0,"Solution: 960.0°C for 1.0h, cooled by Water Quench (WQ). Aging: 530.0°C for 6.0h, cooled by Air Cool (AC).",0.0,6.68804,none
88.2,3.5,6.5,0.0,0.0,1.5,0.0,0.0,0.0,0.0,0.0,0.3,0.0,0.0,1005.0,"Solution: 980.0°C for 1.0h, cooled by Air Cool (AC). Aging: 530.0°C for 6.0h, cooled by Air Cool (AC).",0.0,15.8582,none
88.2,3.5,6.5,0.0,0.0,1.5,0.0,0.0,0.0,0.0,0.0,0.3,0.0,0.0,1005.0,"Solution: 980.0°C for 1.0h, cooled by Water Quench (WQ). Aging: 530.0°C for 6.0h, cooled by Air Cool (AC).",0.0,5.58424,none
88.2,3.5,6.5,0.0,0.0,1.5,0.0,0.0,0.0,0.0,0.0,0.3,0.0,0.0,1005.0,"Solution: 960.0°C for 1.0h, cooled by Air Cool (AC). Aging: 530.0°C for 1.0h, cooled by Air Cool (AC).",0.0,16.3396,none
88.2,3.5,6.5,0.0,0.0,1.5,0.0,0.0,0.0,0.0,0.0,0.3,0.0,0.0,1005.0,"Solution: 960.0°C for 1.0h, cooled by Air Cool (AC). Aging: 530.0°C for 2.0h, cooled by Air Cool (AC).",0.0,18.302,none
88.2,3.5,6.5,0.0,0.0,1.5,0.0,0.0,0.0,0.0,0.0,0.3,0.0,0.0,1005.0,"Solution: 960.0°C for 1.0h, cooled by Air Cool (AC). Aging: 530.0°C for 4.0h, cooled by Air Cool (AC).",0.0,16.6809,none
88.2,3.5,6.5,0.0,0.0,1.5,0.0,0.0,0.0,0.0,0.0,0.3,0.0,0.0,1005.0,"Solution: 960.0°C for 1.0h, cooled by Air Cool (AC). Aging: 530.0°C for 6.0h, cooled by Air Cool (AC).",0.0,15.9556,none
88.2,3.5,6.5,0.0,0.0,1.5,0.0,0.0,0.0,0.0,0.0,0.3,0.0,0.0,1005.0,"Solution: 960.0°C for 1.0h, cooled by Air Cool (AC). Aging: 530.0°C for 12.0h, cooled by Air Cool (AC).",0.0,15.4863,none
88.2,3.5,6.5,0.0,0.0,1.5,0.0,0.0,0.0,0.0,0.0,0.3,0.0,0.0,1005.0,"Solution: 960.0°C for 1.0h, cooled by Air Cool (AC). Aging: 530.0°C for 24.0h, cooled by Air Cool (AC).",0.0,16.3823,none
88.2,3.5,6.5,0.0,0.0,1.5,0.0,0.0,0.0,0.0,0.0,0.3,0.0,0.0,1005.0,"Solution: 980.0°C for 1.0h, cooled by Water Quench (WQ). Aging: 530.0°C for 6.0h, cooled by Air Cool (AC).",1418.0,6.90031,none
88.2,3.5,6.5,0.0,0.0,1.5,0.0,0.0,0.0,0.0,0.0,0.3,0.0,0.0,1005.0,"Solution: 980.0°C for 1.0h, cooled by Water Quench (WQ). Aging: 700.0°C for 6.0h, cooled by Air Cool (AC).",1217.0,10.6565,none
88.2,3.5,6.5,0.0,0.0,1.5,0.0,0.0,0.0,0.0,0.0,0.3,0.0,0.0,1005.0,"Solution: 980.0°C for 1.0h, cooled by Water Quench (WQ). Aging: 750.0°C for 6.0h, cooled by Air Cool (AC).",1095.0,13.5304,none
88.2,3.5,6.5,0.0,0.0,1.5,0.0,0.0,0.0,0.0,0.0,0.3,0.0,0.0,1005.0,"Solution: 980.0°C for 1.0h, cooled by Water Quench (WQ). Aging: 800.0°C for 6.0h, cooled by Air Cool (AC).",1008.0,15.6422,none
88.2,3.5,6.5,0.0,0.0,1.5,0.0,0.0,0.0,0.0,0.0,0.3,0.0,0.0,1005.0,"Annealing: 990.0°C for 1.0h, cooled by Water Quench (WQ).",0.0,14.7473,none
88.2,3.5,6.5,0.0,0.0,1.5,0.0,0.0,0.0,0.0,0.0,0.3,0.0,0.0,1005.0,"Annealing: 990.0°C for 1.0h, cooled by Water Quench (WQ).",0.0,16.3624,none
88.2,3.5,6.5,0.0,0.0,1.5,0.0,0.0,0.0,0.0,0.0,0.3,0.0,0.0,1005.0,"Annealing: 990.0°C for 1.0h, cooled by Water Quench (WQ).",0.0,17.0229,none
88.2,3.5,6.5,0.0,0.0,1.5,0.0,0.0,0.0,0.0,0.0,0.3,0.0,0.0,1005.0,"Annealing: 970.0°C for 1.0h, cooled by Water Quench (WQ).",0.0,15.6948,none
88.2,3.5,6.5,0.0,0.0,1.5,0.0,0.0,0.0,0.0,0.0,0.3,0.0,0.0,1005.0,"Annealing: 970.0°C for 1.0h, cooled by Water Quench (WQ).",0.0,16.7644,none
88.2,3.5,6.5,0.0,0.0,1.5,0.0,0.0,0.0,0.0,0.0,0.3,0.0,0.0,1005.0,"Annealing: 970.0°C for 1.0h, cooled by Water Quench (WQ).",0.0,17.3554,none
85.9,2.0,6.0,2.0,0.0,4.0,0.0,0.0,0.0,0.0,0.0,0.1,0.0,0.0,1000.0,"Solution: 900.0°C for 1.0h, cooled by Air Cool (AC). Aging: 550.0°C for 8.0h, cooled by Air Cool (AC).",1045.31,17.2872,none
85.9,2.0,6.0,2.0,0.0,4.0,0.0,0.0,0.0,0.0,0.0,0.1,0.0,0.0,1000.0,"Solution: 900.0°C for 1.0h, cooled by Air Cool (AC). Aging: 600.0°C for 8.0h, cooled by Air Cool (AC).",1060.13,16.6689,none
85.9,2.0,6.0,2.0,0.0,4.0,0.0,0.0,0.0,0.0,0.0,0.1,0.0,0.0,1000.0,"Solution: 900.0°C for 1.0h, cooled by Air Cool (AC). Aging: 650.0°C for 8.0h, cooled by Air Cool (AC).",1044.27,13.7321,none
85.9,2.0,6.0,2.0,0.0,4.0,0.0,0.0,0.0,0.0,0.0,0.1,0.0,0.0,1000.0,"Solution: 950.0°C for 1.0h, cooled by Air Cool (AC). Aging: 550.0°C for 8.0h, cooled by Air Cool (AC).",1049.0,17.0888,none
85.9,2.0,6.0,2.0,0.0,4.0,0.0,0.0,0.0,0.0,0.0,0.1,0.0,0.0,1000.0,"Solution: 950.0°C for 1.0h, cooled by Air Cool (AC). Aging: 600.0°C for 8.0h, cooled by Air Cool (AC).",1050.34,16.1925,none
85.9,2.0,6.0,2.0,0.0,4.0,0.0,0.0,0.0,0.0,0.0,0.1,0.0,0.0,1000.0,"Solution: 950.0°C for 1.0h, cooled by Air Cool (AC). Aging: 650.0°C for 8.0h, cooled by Air Cool (AC).",1044.65,13.0086,none
85.9,2.0,6.0,2.0,0.0,4.0,0.0,0.0,0.0,0.0,0.0,0.1,0.0,0.0,1000.0,"Solution: 980.0°C for 1.0h, cooled by Air Cool (AC). Aging: 550.0°C for 8.0h, cooled by Air Cool (AC).",1077.53,13.6069,none
85.9,2.0,6.0,2.0,0.0,4.0,0.0,0.0,0.0,0.0,0.0,0.1,0.0,0.0,1000.0,"Solution: 980.0°C for 1.0h, cooled by Air Cool (AC). Aging: 600.0°C for 8.0h, cooled by Air Cool (AC).",1052.87,15.1525,none
85.9,2.0,6.0,2.0,0.0,4.0,0.0,0.0,0.0,0.0,0.0,0.1,0.0,0.0,1000.0,"Solution: 980.0°C for 1.0h, cooled by Air Cool (AC). Aging: 650.0°C for 8.0h, cooled by Air Cool (AC).",1075.77,11.2886,none
85.9,2.0,6.0,2.0,0.0,4.0,0.0,0.0,0.0,0.0,0.0,0.1,0.0,0.0,1000.0,"Solution: 1000.0°C for 1.0h, cooled by Air Cool (AC). Aging: 550.0°C for 8.0h, cooled by Air Cool (AC).",1026.78,11.3578,none
85.9,2.0,6.0,2.0,0.0,4.0,0.0,0.0,0.0,0.0,0.0,0.1,0.0,0.0,1000.0,"Solution: 1000.0°C for 1.0h, cooled by Air Cool (AC). Aging: 600.0°C for 8.0h, cooled by Air Cool (AC).",1047.5,8.60658,none
85.9,2.0,6.0,2.0,0.0,4.0,0.0,0.0,0.0,0.0,0.0,0.1,0.0,0.0,1000.0,"Solution: 1000.0°C for 1.0h, cooled by Air Cool (AC). Aging: 650.0°C for 8.0h, cooled by Air Cool (AC).",1036.11,6.81332,none
85.9,2.0,6.0,2.0,0.0,4.0,0.0,0.0,0.0,0.0,0.0,0.1,0.0,0.0,1000.0,"Solution: 1030.0°C for 1.0h, cooled by Air Cool (AC). Aging: 550.0°C for 8.0h, cooled by Air Cool (AC).",1030.44,8.58659,none
85.9,2.0,6.0,2.0,0.0,4.0,0.0,0.0,0.0,0.0,0.0,0.1,0.0,0.0,1000.0,"Solution: 1030.0°C for 1.0h, cooled by Air Cool (AC). Aging: 600.0°C for 8.0h, cooled by Air Cool (AC).",1043.4,7.75179,none
85.9,2.0,6.0,2.0,0.0,4.0,0.0,0.0,0.0,0.0,0.0,0.1,0.0,0.0,1000.0,"Solution: 1030.0°C for 1.0h, cooled by Air Cool (AC). Aging: 650.0°C for 8.0h, cooled by Air Cool (AC).",1029.2,7.25761,none
82.818,3.06,6.28,2.04,0.0,2.18,1.61,1.89,0.0,0.0,0.0,0.0,0.122,0.0,960.0,"Annealing: 800.0°C for 1.0h, cooled by Air Cool (AC).",1184.0,19.0,none
82.818,3.06,6.28,2.04,0.0,2.18,1.61,1.89,0.0,0.0,0.0,0.0,0.122,0.0,960.0,"Annealing: 800.0°C for 3.0h, cooled by Air Cool (AC).",1177.0,19.3,none
82.818,3.06,6.28,2.04,0.0,2.18,1.61,1.89,0.0,0.0,0.0,0.0,0.122,0.0,960.0,"Annealing: 800.0°C for 6.0h, cooled by Air Cool (AC).",1156.0,20.1,none
82.818,3.06,6.28,2.04,0.0,2.18,1.61,1.89,0.0,0.0,0.0,0.0,0.122,0.0,960.0,"Annealing: 880.0°C for 1.0h, cooled by Air Cool (AC).",1340.0,20.3,none
82.818,3.06,6.28,2.04,0.0,2.18,1.61,1.89,0.0,0.0,0.0,0.0,0.122,0.0,960.0,"Annealing: 880.0°C for 3.0h, cooled by Air Cool (AC).",1333.0,20.4,none
82.818,3.06,6.28,2.04,0.0,2.18,1.61,1.89,0.0,0.0,0.0,0.0,0.122,0.0,960.0,"Annealing: 880.0°C for 6.0h, cooled by Air Cool (AC).",1317.0,20.7,none
82.818,3.06,6.28,2.04,0.0,2.18,1.61,1.89,0.0,0.0,0.0,0.0,0.122,0.0,960.0,"Annealing: 920.0°C for 1.0h, cooled by Air Cool (AC).",1582.0,10.1,none
82.818,3.06,6.28,2.04,0.0,2.18,1.61,1.89,0.0,0.0,0.0,0.0,0.122,0.0,960.0,"Annealing: 920.0°C for 3.0h, cooled by Air Cool (AC).",1565.0,10.7,none
82.818,3.06,6.28,2.04,0.0,2.18,1.61,1.89,0.0,0.0,0.0,0.0,0.122,0.0,960.0,"Annealing: 920.0°C for 6.0h, cooled by Air Cool (AC).",1605.0,10.7,none
79.95,0.8,6.0,4.0,0.0,7.0,0.0,1.0,0.0,0.0,1.0,0.25,0.0,0.0,0.0,"no process",1130.0,1.8,none
77.95,0.8,6.0,4.0,0.0,9.0,0.0,1.0,0.0,0.0,1.0,0.25,0.0,0.0,0.0,"no process",1068.0,1.14,none
75.95,0.8,6.0,4.0,0.0,11.0,0.0,1.0,0.0,0.0,1.0,0.25,0.0,0.0,0.0,"no process",1050.0,1.7,none
86.0,0.0,1.0,0.0,8.0,0.0,0.0,0.0,0.0,5.0,0.0,0.0,0.0,0.0,830.0,"Annealing: 700.0°C for 6.0h, cooled by Oil Quench (OQ).",1000.0,13.4,none
86.0,0.0,1.0,0.0,8.0,0.0,0.0,0.0,0.0,5.0,0.0,0.0,0.0,0.0,830.0,"Annealing: 780.0°C for 1.0h, cooled by Water Quench (WQ). Second Annealing: 550.0°C for 2.0h, cooled by Air Cool (AC).",1287.0,3.9,none
91.5,1.5,4.0,0.0,2.0,0.0,0.0,0.0,0.0,1.0,0.0,0.0,0.0,0.0,0.0,"Annealing: 750.0°C for 3.0h, cooled by Air Cool (AC).",927.0,20.0,none
91.5,1.5,4.0,0.0,2.0,0.0,0.0,0.0,0.0,1.0,0.0,0.0,0.0,0.0,0.0,"Annealing: 800.0°C for 3.0h, cooled by Air Cool (AC).",971.0,19.0,none
91.5,1.5,4.0,0.0,2.0,0.0,0.0,0.0,0.0,1.0,0.0,0.0,0.0,0.0,0.0,"Annealing: 850.0°C for 3.0h, cooled by Air Cool (AC).",991.0,19.4,none
91.5,1.5,4.0,0.0,2.0,0.0,0.0,0.0,0.0,1.0,0.0,0.0,0.0,0.0,0.0,"Annealing: 870.0°C for 3.0h, cooled by Air Cool (AC).",977.0,21.0,none
91.5,1.5,4.0,0.0,2.0,0.0,0.0,0.0,0.0,1.0,0.0,0.0,0.0,0.0,0.0,"Annealing: 900.0°C for 3.0h, cooled by Air Cool (AC).",998.0,11.1,none
91.5,1.5,4.0,0.0,2.0,0.0,0.0,0.0,0.0,1.0,0.0,0.0,0.0,0.0,0.0,"Annealing: 850.0°C for 3.0h, cooled by Oil Quench (OQ).",909.0,23.0,none
91.5,1.5,4.0,0.0,2.0,0.0,0.0,0.0,0.0,1.0,0.0,0.0,0.0,0.0,0.0,"Annealing: 870.0°C for 3.0h, cooled by Oil Quench (OQ).",911.0,23.0,none
91.5,1.5,4.0,0.0,2.0,0.0,0.0,0.0,0.0,1.0,0.0,0.0,0.0,0.0,0.0,"Annealing: 980.0°C for 3.0h, cooled by Oil Quench (OQ).",906.0,10.5,none
92.5,0.5,4.0,0.0,2.0,0.0,0.0,0.0,0.0,1.0,0.0,0.0,0.0,0.0,0.0,"Annealing: 750.0°C for 3.0h, cooled by Air Cool (AC).",0.0,18.286,none
92.0,1.0,4.0,0.0,2.0,0.0,0.0,0.0,0.0,1.0,0.0,0.0,0.0,0.0,0.0,"Annealing: 750.0°C for 3.0h, cooled by Air Cool (AC).",0.0,20.2261,none
85.28,0.99,5.61,3.69,0.0,3.45,0.0,0.4,0.2,0.0,0.0,0.38,0.0,0.0,0.0,"As-cast",940.0,0.0,none
88.2,3.5,6.5,0.0,0.0,1.5,0.0,0.0,0.0,0.0,0.0,0.3,0.0,0.0,0.0,"As-cast",1075.0,0.0,none
82.48,4.05,6.64,1.89,0.0,3.73,0.0,0.0,0.0,0.0,1.01,0.2,0.0,0.0,0.0,"As-cast",1085.0,0.0,none
75.9,0.0,5.4,6.2,0.0,6.4,0.0,0.0,4.0,0.0,1.6,0.5,0.0,0.0,0.0,"As-cast",1328.0,0.0,none
87.4,0.0,5.4,6.2,0.0,0.5,0.0,0.0,0.0,0.0,0.0,0.5,0.0,0.0,0.0,"As-cast",1003.0,0.0,none
89.99,0.0,6.0,0.0,4.0,0.0,0.0,0.0,0.0,0.0,0.0,0.0,0.0,0.01,0.0,"As-cast",925.0,0.0,none
90.3,0.5,8.7,0.0,0.5,0.0,0.0,0.0,0.0,0.0,0.0,0.0,0.0,0.0,0.0,"As-cast",750.0,0.0,none
89.5,0.0,6.0,0.0,4.5,0.0,0.0,0.0,0.0,0.0,0.0,0.0,0.0,0.0,0.0,"As-cast",895.0,0.0,none
89.55,0.0,6.85,0.0,3.6,0.0,0.0,0.0,0.0,0.0,0.0,0.0,0.0,0.0,0.0,"As-cast",910.0,0.0,none
89.81,0.72,8.69,0.0,0.78,0.0,0.0,0.0,0.0,0.0,0.0,0.0,0.0,0.0,0.0,"As-cast",826.0,0.0,none
89.72,0.9,8.35,0.0,1.03,0.0,0.0,0.0,0.0,0.0,0.0,0.0,0.0,0.0,0.0,"As-cast",825.0,0.0,none
89.76,0.76,8.7,0.0,0.78,0.0,0.0,0.0,0.0,0.0,0.0,0.0,0.0,0.0,0.0,"As-cast",825.0,0.0,none
88.29,0.75,9.53,0.0,1.43,0.0,0.0,0.0,0.0,0.0,0.0,0.0,0.0,0.0,0.0,"As-cast",880.0,0.0,none
75.15,2.73,6.52,4.25,0.0,5.5,0.0,1.77,0.0,0.0,3.58,0.4,0.0,0.1,0.0,"As-cast",1125.0,0.0,none
74.12,2.72,6.59,4.24,0.0,5.5,0.0,1.71,0.98,0.0,3.6,0.43,0.0,0.11,0.0,"As-cast",1157.0,0.0,none
73.11,2.77,6.5,4.2,0.0,5.55,0.0,1.78,1.99,0.0,3.59,0.42,0.0,0.09,0.0,"As-cast",1175.0,0.0,none
85.668,1.403,4.543,2.567,0.0,2.134,0.0,2.048,0.0,0.0,1.089,0.419,0.0,0.129,0.0,"As-cast",1011.6,0.0,none
84.251,1.465,4.671,2.885,0.0,2.849,0.0,2.074,0.0,0.0,1.067,0.461,0.0,0.277,0.0,"As-cast",905.5,0.0,none
84.057,1.479,4.578,2.898,0.0,2.867,0.0,2.072,0.0,0.0,1.144,0.517,0.0,0.388,0.0,"As-cast",1028.0,0.0,none
83.779,0.771,4.598,2.73,0.0,5.787,0.0,0.676,0.0,0.0,1.084,0.436,0.0,0.139,0.0,"As-cast",1059.1,0.0,none
83.343,0.784,4.543,2.905,0.0,5.643,0.0,1.279,0.0,0.0,1.05,0.325,0.0,0.128,0.0,"As-cast",1090.7,0.0,none
82.233,0.799,4.743,2.744,0.0,5.709,0.0,2.113,0.0,0.0,1.202,0.326,0.0,0.131,0.0,"As-cast",967.7,0.0,none
84.9,0.4,6.0,3.75,0.0,4.0,0.0,0.5,0.0,0.0,0.0,0.45,0.0,0.0,0.0,"As-cast",972.0,0.0,none
86.4,0.4,6.0,2.75,0.0,4.0,0.0,0.0,0.0,0.0,0.0,0.45,0.0,0.0,0.0,"As-cast",1020.0,0.0,none
84.9,0.4,6.0,2.75,0.0,4.0,0.0,1.5,0.0,0.0,0.0,0.45,0.0,0.0,0.0,"As-cast",1073.0,0.0,none
84.4,0.4,6.0,2.75,0.0,4.0,0.0,2.0,0.0,0.0,0.0,0.45,0.0,0.0,0.0,"As-cast",1084.0,0.0,none
85.499,0.771,4.547,1.873,0.0,4.998,0.0,1.04,0.0,0.0,0.969,0.303,0.0,0.0,0.0,"As-cast",1038.45,0.0,none
84.209,0.65,5.432,2.401,0.0,5.402,0.0,0.851,0.0,0.0,0.797,0.258,0.0,0.0,0.0,"As-cast",1057.49,0.0,none
82.383,0.575,5.089,2.714,0.0,7.226,0.0,0.875,0.0,0.0,0.839,0.299,0.0,0.0,0.0,"As-cast",1072.32,0.0,none
76.688,0.6,6.542,4.445,0.0,9.791,0.0,0.868,0.0,0.0,0.848,0.218,0.0,0.0,0.0,"As-cast",1056.55,0.0,none
80.95,0.8,6.0,4.0,0.0,7.0,0.0,1.0,0.0,0.0,0.0,0.25,0.0,0.0,0.0,"As-cast",1130.0,0.0,none
78.95,0.8,6.0,4.0,0.0,9.0,0.0,1.0,0.0,0.0,0.0,0.25,0.0,0.0,0.0,"As-cast",1068.0,0.0,none
76.95,0.8,6.0,4.0,0.0,11.0,0.0,1.0,0.0,0.0,0.0,0.25,0.0,0.0,0.0,"As-cast",1050.0,0.0,none
81.22,0.68,5.41,2.52,0.0,5.33,0.0,1.35,1.33,0.0,1.35,0.19,0.0,0.62,0.0,"As-cast",1070.0,0.0,none
86.5,1.0,6.0,2.0,0.0,4.0,0.0,0.0,0.0,0.0,0.0,0.5,0.0,0.0,0.0,"As-cast",1010.0,0.0,none
83.5,0.0,5.8,4.2,0.0,3.9,0.0,0.7,1.5,0.0,0.0,0.4,0.0,0.0,0.0,"As-cast",871.0,0.0,none
77.75,1.0,6.0,3.0,0.0,10.0,0.0,1.0,0.0,0.0,1.0,0.25,0.0,0.0,0.0,"As-cast",1026.2,0.0,none
84.28,2.3,6.56,2.36,0.0,4.36,0.0,0.0,0.0,0.0,0.0,0.14,0.0,0.0,0.0,"As-cast",1010.0,0.0,none
85.95,2.03,5.92,2.12,0.0,3.88,0.0,0.0,0.0,0.0,0.0,0.1,0.0,0.0,0.0,"As-cast",955.0,0.0,none
87.47,1.8,5.41,1.8,0.0,3.45,0.0,0.0,0.0,0.0,0.0,0.07,0.0,0.0,0.0,"As-cast",938.0,0.0,none
84.5,0.51,5.91,4.07,0.0,3.92,0.0,0.82,0.0,0.0,0.0,0.27,0.0,0.0,0.0,"As-cast",1031.0,0.0,none
85.0,0.0,7.5,0.0,2.0,2.0,0.0,2.0,0.0,0.0,0.0,1.5,0.0,0.0,0.0,"As-cast",861.0,0.0,none
88.2,0.0,7.8,0.0,1.0,2.2,0.0,0.0,0.0,0.0,0.0,0.8,0.0,0.0,0.0,"As-cast",958.0,0.0,none
87.6,0.0,7.8,0.0,1.0,2.2,0.0,0.0,0.0,0.0,0.0,1.4,0.0,0.0,0.0,"As-cast",993.0,0.0,none
88.0,0.0,8.0,0.0,1.0,2.2,0.0,0.0,0.0,0.0,0.0,0.8,0.0,0.0,0.0,"As-cast",1028.0,0.0,none
87.4,0.0,8.0,0.0,1.0,2.2,0.0,0.0,0.0,0.0,0.0,1.4,0.0,0.0,0.0,"As-cast",1020.0,0.0,none
87.5,0.0,8.0,0.0,0.0,2.0,0.0,1.0,0.0,0.0,0.0,1.5,0.0,0.0,0.0,"As-cast",877.0,0.0,none
87.5,1.0,8.0,0.0,0.0,2.0,0.0,0.0,0.0,0.0,0.0,1.5,0.0,0.0,0.0,"As-cast",882.0,0.0,none
86.85,0.0,8.5,0.0,0.0,2.0,0.0,1.0,0.0,0.0,0.0,1.5,0.0,0.15,0.0,"As-cast",978.0,0.0,none
86.65,0.0,8.5,0.0,1.0,2.0,0.0,0.0,0.2,0.0,0.0,1.5,0.0,0.15,0.0,"As-cast",952.0,0.0,none
89.0,1.0,10.0,0.0,0.0,0.0,0.0,0.0,0.0,0.0,0.0,0.0,0.0,0.0,0.0,"As-cast",835.0,0.0,none
88.7,2.0,9.3,0.0,0.0,0.0,0.0,0.0,0.0,0.0,0.0,0.0,0.0,0.0,0.0,"As-cast",860.0,0.0,none
88.8,0.5,3.2,0.0,0.5,0.0,0.0,6.5,0.5,0.0,0.0,0.0,0.0,0.0,0.0,"As-cast",960.0,0.0,none
85.19,0.45,5.0,0.0,0.22,1.32,0.0,6.5,1.32,0.0,0.0,0.0,0.0,0.0,0.0,"As-cast",960.0,0.0,none
83.6,0.0,5.8,4.0,0.0,4.0,0.0,0.7,1.5,0.0,0.0,0.4,0.0,0.0,0.0,"As-cast",950.0,0.0,none
77.9,0.8,6.0,3.0,0.0,10.0,0.0,1.0,0.0,0.0,1.0,0.3,0.0,0.0,0.0,"As-cast",992.0,0.0,none
69.79,0.0,0.0,0.0,0.0,0.0,0.0,30.1,0.0,0.0,0.0,0.0,0.11,0.0,0.0,"Solution: 1000.0°C for 1.0h, cooled by Water Quench (WQ).",601.0,28.0,none
68.53,0.0,0.0,0.0,0.0,0.0,0.0,30.2,0.0,1.1,0.0,0.0,0.17,0.0,0.0,"Solution: 1000.0°C for 1.0h, cooled by Water Quench (WQ).",630.0,22.0,none
67.28,0.0,0.0,0.0,0.0,0.0,0.0,29.7,0.0,2.9,0.0,0.0,0.12,0.0,0.0,"Solution: 1000.0°C for 1.0h, cooled by Water Quench (WQ).",660.0,18.0,none
65.55,0.0,0.0,0.0,0.0,0.0,0.0,29.2,0.0,5.1,0.0,0.0,0.15,0.0,0.0,"Solution: 1000.0°C for 1.0h, cooled by Water Quench (WQ).",689.0,16.0,none
90.93,8.9,0.0,0.0,0.0,0.0,0.0,0.0,0.0,0.0,0.0,0.0,0.17,0.0,754.0,"Solution: 1000°C for 1.0h, cooled by water quenching.",852.0,22.0,10.1016/j.matchar.2015.10.005
89.84,8.2,0.0,1.8,0.0,0.0,0.0,0.0,0.0,0.0,0.0,0.0,0.16,0.0,738.0,"Solution: 1000°C for 1.0h, cooled by Water Quench (WQ).",847.0,18.0,10.1016/j.matchar.2015.10.005
84.63,8.7,0.0,6.5,0.0,0.0,0.0,0.0,0.0,0.0,0.0,0.0,0.17,0.0,731.0,"Solution: 1000°C for 1.0h, cooled by water quenching.",803.0,16.0,10.1016/j.matchar.2015.10.005
60.53,0.0,0.0,0.0,0.0,6.21,0.0,31.7,0.0,1.4,0.0,0.0,0.16,0.0,0.0,"Deformation amount: 50%. Solution: 950°C for 6.0h, cooled by water quenching. Second Solution: 800°C for 0.5h, cooled by water quenching.",1083.0,9.0,10.1007/s12613-017-1477-3
60.53,0.0,0.0,0.0,0.0,6.21,0.0,31.7,0.0,1.4,0.0,0.0,0.16,0.0,0.0,"Deformation amount: 50%. Solution: 950°C for 6.0h, cooled by water quenching. Second Solution: 900°C for 0.5h, cooled by water quenching.",880.0,8.0,10.1007/s12613-017-1477-3
60.53,0.0,0.0,0.0,0.0,6.21,0.0,31.7,0.0,1.4,0.0,0.0,0.16,0.0,0.0,"Deformation amount: 50%. Solution: 950°C for 6.0h, cooled by water quenching. Second Solution: 1000°C for 0.5h, cooled by water quenching.",828.0,5.0,10.1007/s12613-017-1477-3
65.0,1.0,0.0,4.0,0.0,0.0,0.0,30.0,0.0,0.0,0.0,0.0,0.0,0.0,0.0,"Deformation amount: 88%. Annealing: 352°C for 0.5h, cooled by water quenching.",1000.0,5.2,10.1016/j.pnsc.2015.09.008
68.0,5.3,0.0,6.5,0.0,10.0,0.0,10.2,0.0,0.0,0.0,0.0,0.0,0.0,0.0,"As-cast：Arc-melting and Copper-mold suction-casting",715.0,7.6,10.1016/j.msea.2017.01.047
61.7,4.8,0.0,5.9,0.0,9.1,0.0,18.5,0.0,0.0,0.0,0.0,0.0,0.0,0.0,"As-cast：Arc-melting and Copper-mold suction-casting",519.0,6.4,10.1016/j.msea.2017.01.047
65.6,4.9,0.0,6.0,0.0,9.3,0.0,14.2,0.0,0.0,0.0,0.0,0.0,0.0,0.0,"As-cast：Arc-melting and Copper-mold suction-casting",701.0,13.6,10.1016/j.msea.2017.01.047
69.6,5.0,0.0,6.2,0.0,9.5,0.0,9.7,0.0,0.0,0.0,0.0,0.0,0.0,0.0,"As-cast：Arc-melting and Copper-mold suction-casting",715.0,12.5,10.1016/j.msea.2017.01.047
73.8,5.1,0.0,6.3,0.0,4.9,0.0,9.9,0.0,0.0,0.0,0.0,0.0,0.0,0.0,"As-cast：Arc-melting and Copper-mold suction-casting",762.0,13.8,10.1016/j.msea.2017.01.047
68.0,5.3,0.0,6.5,0.0,5.0,0.0,15.2,0.0,0.0,0.0,0.0,0.0,0.0,0.0,"As-cast：Arc-melting and Copper-mold suction-casting",692.0,14.2,10.1016/j.msea.2017.01.047
69.0,2.0,0.0,4.0,0.0,0.0,0.0,25.0,0.0,0.0,0.0,0.0,0.0,0.0,0.0,"Homogenization: 950°C for 5h, cooled by water quenching. Deformation amount: 70%.",800.0,5.0,10.1007/s11661-012-1324-0
69.0,2.0,0.0,4.0,0.0,0.0,0.0,25.0,0.0,0.0,0.0,0.0,0.0,0.0,0.0,"Homogenization: 950°C for 5h, cooled by water quenching. Deformation amount: 70%. Annealing: 475°C for 0.25h.",1113.0,3.0,10.1007/s11661-012-1324-0
65.0,0.0,0.0,0.0,0.0,10.0,0.0,23.0,0.0,2.0,0.0,0.0,0.0,0.0,0.0,"Forging temperature: 1000°C. Solution: 800°C for 0.167h, cooled by water quenching.",0.0,10.0,10.1520/F1813-13.2
65.0,0.0,0.0,0.0,0.0,10.0,0.0,23.0,0.0,2.0,0.0,0.0,0.0,0.0,0.0,"Forging temperature: 1000°C. Solution: 800°C for 0.167h, cooled by step quenching to 450°C. Aging: 450°C for 12h, cooled by water quenching.",0.0,8.0,10.1520/F1813-13.2
61.5,0.0,0.0,0.0,0.0,10.0,0.0,27.0,0.0,1.5,0.0,0.0,0.0,0.0,0.0,"Forging temperature: 1000°C. Solution: 800°C for 0.167h, cooled by water quenching.",0.0,9.0,10.1520/F1813-13.2
61.5,0.0,0.0,0.0,0.0,10.0,0.0,27.0,0.0,1.5,0.0,0.0,0.0,0.0,0.0,"Forging temperature: 1000°C. Solution: 800°C for 0.167h, cooled by step quenching to 450°C. Aging: 450°C for 12h, cooled by water quenching.",0.0,8.0,10.1520/F1813-13.2
89.925,0.0,0.0,0.0,0.0,0.0,0.0,0.0,10.0,0.0,0.0,0.0,0.075,0.0,0.0,"Processing temperature: 1273°C. Deformation amount: 80%. Solution: 1223°C for 1h, cooled by water quenching.",510.0,24.0,10.1016/j.msea.2003.12.011
79.925,0.0,0.0,0.0,0.0,0.0,0.0,0.0,20.0,0.0,0.0,0.0,0.075,0.0,0.0,"Processing temperature: 1273°C. Deformation amount: 80%. Solution: 1223°C for 1h, cooled by water quenching.",545.0,20.0,10.1016/j.msea.2003.12.011
70.312,0.0,0.0,0.0,0.0,0.0,0.0,0.0,29.6,0.0,0.0,0.0,0.088,0.0,0.0,"Processing temperature: 1273°C. Deformation amount: 80%. Solution: 1223°C for 1h, cooled by water quenching.",587.0,25.0,10.1016/j.msea.2003.12.011
62.4,0.0,0.0,4.0,0.0,0.0,0.0,35.0,0.0,0.0,0.0,0.0,0.0,0.0,0.0,"Processing temperature: 1150°C. Solution: 950°C for 2h, cooled by water quenching.",500.0,0.0,10.2320/matertrans.46.1070
63.4,0.0,0.0,5.0,0.0,0.0,0.0,36.0,0.0,0.0,0.0,0.0,0.0,0.0,0.0,"Processing temperature: 1150°C. Deformation amount: 89%. Solution: 950°C for 2h, cooled by water quenching.",680.0,0.0,10.2320/matertrans.46.1070
64.4,0.0,0.0,6.0,0.0,0.0,0.0,37.0,0.0,0.0,0.0,0.0,0.0,0.0,0.0,"Processing temperature: 1150°C. Deformation amount: 89%. Solution: 950°C for 2h, cooled by water quenching. Aging: 250°C for 2h, cooled by air cooling.",840.0,6.5,10.2320/matertrans.46.1070
64.4,0.0,0.0,6.0,0.0,0.0,0.0,37.0,0.0,0.0,0.0,0.0,0.0,0.0,0.0,"Processing temperature: 1150°C. Deformation amount: 89%. Solution: 950°C for 2h, cooled by water quenching. Aging: 300°C for 2h, cooled by air cooling.",1000.0,6.5,10.2320/matertrans.46.1070
67.0,4.0,0.0,0.0,0.0,0.0,0.0,16.0,13.0,0.0,0.0,0.0,0.0,0.0,0.0,"Processing temperature: 1000°C for 6h. Solution: 844°C for 0.5h, cooled by water quenching.",700.0,6.5,10.2320/matertrans.46.1070
67.0,4.0,0.0,0.0,0.0,0.0,0.0,16.0,13.0,0.0,0.0,0.0,0.0,0.0,0.0,"Processing temperature: 1000°C for 6h. Solution: 844°C for 0.5h, cooled by quenching. Aging: 400°C for 3h, cooled by air cooling.",1260.0,3.0,10.2320/matertrans.46.1070
90.0,10.0,0.0,0.0,0.0,0.0,0.0,0.0,0.0,0.0,0.0,0.0,0.0,0.0,0.0,"Compaction: 200MPa. Processing temperature: 1420°C.",916.2,14.8,10.1016/j.bioactmat.2020.04.012
62.0,0.0,5.0,0.0,3.0,30.0,0.0,0.0,0.0,0.0,0.0,0.0,0.0,0.0,843.0,"Processing temperature: 1000°C for 0.5h. Deformation amount: 70%. Cooled by air cooling.",1302.0,4.28,10.1016/j.msea.2017.03.027
61.48,0.0,5.0,0.0,3.01,30.01,0.0,0.0,0.0,0.5,0.0,0.0,0.0,0.0,835.0,"Processing temperature: 1000°C for 0.5h. Deformation amount: 70%. Cooled by air cooling.",1420.0,5.34,10.1016/j.msea.2017.03.027
61.0,0.0,5.0,0.0,3.0,30.0,0.0,0.0,0.0,1.0,0.0,0.0,0.0,0.0,816.0,"Processing temperature: 1000°C for 0.5h. Deformation amount: 70%. Cooled by air cooling.",1533.0,2.49,10.1016/j.msea.2017.03.027
60.5,0.0,5.0,0.0,3.0,30.0,0.0,0.0,0.0,1.5,0.0,0.0,0.0,0.0,798.0,"Processing temperature: 1000°C for 0.5h. Deformation amount: 70%. Cooled by air cooling.",1667.0,2.34,10.1016/j.msea.2017.03.027
60.0,0.0,5.0,0.0,3.0,30.0,0.0,0.0,0.0,2.0,0.0,0.0,0.0,0.0,785.0,"Processing temperature: 1000°C for 0.5h. Deformation amount: 70%. Cooled by air cooling.",1538.0,1.9,10.1016/j.msea.2017.03.027
67.0,3.0,0.0,2.0,0.0,3.0,0.0,25.0,0.0,0.0,0.0,0.0,0.0,0.0,0.0,"Processing temperature: 850°C. Solution: 750°C for 1h, cooled by air cooling.",708.5,31.3,10.1016/j.msea.2009.11.059
67.0,3.0,0.0,2.0,0.0,3.0,0.0,25.0,0.0,0.0,0.0,0.0,0.0,0.0,0.0,"Processing temperature: 850°C. Solution: 750°C for 1h, cooled by air cooling. Aging: 510°C for 1h, cooled by air cooling.",714.0,15.3,10.1016/j.msea.2009.11.059
83.4,6.8,3.9,0.0,3.0,0.0,2.9,0.0,0.0,0.0,0.0,0.0,0.0,0.0,860.0,"Processing temperature: 750°C (Hot Rolling). Solution: 910°C for 0.5h, cooled by Water Quenching.",890.0,17.0,10.1016/j.matdes.2017.02.043
83.4,6.8,3.9,0.0,3.0,0.0,2.9,0.0,0.0,0.0,0.0,0.0,0.0,0.0,860.0,"Processing temperature: 750°C (Hot Rolling). Solution: 810°C for 0.5h, cooled by Water Quenching.",960.0,23.0,10.1016/j.matdes.2017.02.043
83.4,6.8,3.9,0.0,3.0,0.0,2.9,0.0,0.0,0.0,0.0,0.0,0.0,0.0,860.0,"Processing temperature: 750°C. Solution: 910°C for 0.5h. Aging: 600°C for 6.0h, cooled by Air Cooling.",1280.0,6.0,10.1016/j.matdes.2017.02.043
83.4,6.8,3.9,0.0,3.0,0.0,2.9,0.0,0.0,0.0,0.0,0.0,0.0,0.0,860.0,"Processing temperature: 750°C. Solution: 810°C for 0.5h. Aging: 600°C for 6.0h, cooled by Air Cooling.",1220.0,11.0,10.1016/j.matdes.2017.02.043
82.4,4.8,5.2,0.0,4.7,0.0,2.9,0.0,0.0,0.0,0.0,0.0,0.0,0.0,870.0,"Processing temperature: 750°C (Hot Rolling). Solution: 920°C for 0.5h, cooled by Water Quenching.",840.0,12.0,10.1016/j.matdes.2017.02.043
82.4,4.8,5.2,0.0,4.7,0.0,2.9,0.0,0.0,0.0,0.0,0.0,0.0,0.0,870.0,"Processing temperature: 750°C (Hot Rolling). Solution: 820°C for 0.5h, cooled by Water Quenching.",890.0,16.0,10.1016/j.matdes.2017.02.043
82.4,4.8,5.2,0.0,4.7,0.0,2.9,0.0,0.0,0.0,0.0,0.0,0.0,0.0,870.0,"Processing temperature: 750°C. Solution: 920°C for 0.5h. Aging: 600°C for 6.0h, cooled by Air Cooling.",1220.0,5.0,10.1016/j.matdes.2017.02.043
82.4,4.8,5.2,0.0,4.7,0.0,2.9,0.0,0.0,0.0,0.0,0.0,0.0,0.0,870.0,"Processing temperature: 750°C. Solution: 820°C for 0.5h. Aging: 600°C for 6.0h, cooled by Air Cooling.",1130.0,10.0,10.1016/j.matdes.2017.02.043
82.0,5.0,3.0,0.0,7.0,0.0,3.0,0.0,0.0,0.0,0.0,0.0,0.0,0.0,0.0,"Forging temperature: 1100°C. Processing temperature: 750°C. Deformation amount: 70%. Solution: 1000°C for 0.5h, cooled by water quenching. Annealing: 900°C for 0.0833h, cooled by water quenching.",1100.0,19.5,10.1016/j.scriptamat.2017.10.017
85.532,12.05,0.0,0.0,0.0,5.3,0.0,0.0,0.0,0.038,0.0,0.0,0.08,0.0,0.0,"Homogenization: 1000°C for 10h.",1028.0,4.1,10.1016/j.jallcom.2011.05.090
85.532,12.05,0.0,0.0,0.0,5.3,0.0,0.0,0.0,0.038,0.0,0.0,0.08,0.0,0.0,"Homogenization: 1000°C for 10h. Solution: 780°C for 1h, cooled by water quenching.",695.0,3.9,10.1016/j.jallcom.2011.05.090
85.532,12.05,0.0,0.0,0.0,5.3,0.0,0.0,0.0,0.038,0.0,0.0,0.08,0.0,0.0,"Homogenization: 1000°C for 10h. Solution: 860°C for 1h, cooled by water quenching.",628.0,4.7,10.1016/j.jallcom.2011.05.090
83.0,12.0,0.0,0.0,0.0,5.0,0.0,0.0,0.0,0.0,0.0,0.0,0.0,0.0,0.0,"Deformation amount: 95%. Solution: 900°C for 20.0h, cooled by water quenching. Second Solution: 900°C for 0.5h, cooled by water quenching.",970.0,30.0,10.1016/j.matchar.2018.03.031
89.96,0.0,0.0,1.5,0.0,0.0,8.5,0.0,0.0,0.0,0.0,0.0,0.04,0.0,0.0,"Deformation amount: 95%. Solution: 900°C for 0.5h, cooled by Water Quenching.",990.0,35.0,10.1016/j.scriptamat.2015.11.020
85.0,9.0,0.0,0.0,0.0,0.0,0.0,0.0,0.0,0.0,6.0,0.0,0.0,0.0,0.0,"Solution: 900°C for 0.5h, cooled by Water Quenching.",1100.0,35.0,10.1016/j.scriptamat.2014.09.005
87.62,12.3,0.0,0.0,0.0,0.0,0.0,0.0,0.0,0.02,0.0,0.0,0.06,0.0,0.0,"Deformation amount: 95%. Solution: 900°C for 0.5h, cooled by water quenching. Second Solution: 900°C for 0.5h, cooled by water quenching.",974.0,38.0,10.1016/j.actamat.2013.07.019
75.0,0.0,0.0,0.0,0.0,0.0,0.0,25.0,0.0,0.0,0.0,0.0,0.0,0.0,0.0,"Solution: 1000°C for 1h, cooled by Oil Quenching.",685.0,0.0,10.1016/j.jallcom.2010.05.134
72.5,0.0,0.0,0.0,0.0,0.0,0.0,25.0,2.5,0.0,0.0,0.0,0.0,0.0,0.0,"Solution: 1000°C for 1h, cooled by Oil Quenching.",630.0,0.0,10.1016/j.jallcom.2010.05.134
70.0,0.0,0.0,0.0,0.0,0.0,0.0,25.0,5.0,0.0,0.0,0.0,0.0,0.0,0.0,"Solution: 1000°C for 1h, cooled by Oil Quenching.",645.0,0.0,10.1016/j.jallcom.2010.05.134
67.5,0.0,0.0,0.0,0.0,0.0,0.0,25.0,7.5,0.0,0.0,0.0,0.0,0.0,0.0,"Solution: 1000°C for 1h, cooled by Oil Quenching.",650.0,0.0,10.1016/j.jallcom.2010.05.134
70.0,0.0,0.0,0.0,0.0,0.0,0.0,30.0,0.0,0.0,0.0,0.0,0.0,0.0,0.0,"Solution: 1000°C for 1h, cooled by Oil Quenching.",600.0,0.0,10.1016/j.jallcom.2010.05.134
67.5,0.0,0.0,0.0,0.0,0.0,0.0,30.0,2.5,0.0,0.0,0.0,0.0,0.0,0.0,"Solution: 1000°C for 1h, cooled by Oil Quenching.",585.0,0.0,10.1016/j.jallcom.2010.05.134
65.0,0.0,0.0,0.0,0.0,0.0,0.0,30.0,5.0,0.0,0.0,0.0,0.0,0.0,0.0,"Solution: 1000°C for 1h, cooled by Oil Quenching.",590.0,0.0,10.1016/j.jallcom.2010.05.134
62.5,0.0,0.0,0.0,0.0,0.0,0.0,30.0,7.5,0.0,0.0,0.0,0.0,0.0,0.0,"Solution: 1000°C for 1h, cooled by Oil Quenching.",555.0,0.0,10.1016/j.jallcom.2010.05.134
65.0,0.0,0.0,0.0,0.0,0.0,0.0,35.0,0.0,0.0,0.0,0.0,0.0,0.0,0.0,"Solution: 1000°C for 1h, cooled by Oil Quenching.",575.0,0.0,10.1016/j.jallcom.2010.05.134
65.0,0.0,0.0,0.0,0.0,0.0,0.0,35.0,2.5,0.0,0.0,0.0,0.0,0.0,0.0,"Solution: 1000°C for 1h, cooled by Oil Quenching.",590.0,0.0,10.1016/j.jallcom.2010.05.134
65.0,0.0,0.0,0.0,0.0,0.0,0.0,35.0,5.0,0.0,0.0,0.0,0.0,0.0,0.0,"Solution: 1000°C for 1h, cooled by Oil Quenching.",540.0,0.0,10.1016/j.jallcom.2010.05.134
62.5,0.0,0.0,0.0,0.0,0.0,0.0,35.0,7.5,0.0,0.0,0.0,0.0,0.0,0.0,"Solution: 1000°C for 1h, cooled by Oil Quenching.",595.0,0.0,10.1016/j.jallcom.2010.05.134
75.0,0.0,0.0,0.0,0.0,0.0,0.0,25.0,0.0,0.0,0.0,0.0,0.0,0.0,0.0,"Solution: 1000°C for 1h, cooled by Oil Quenching.",685.0,0.0,10.1016/j.jallcom.2010.05.134
72.5,0.0,0.0,0.0,0.0,0.0,0.0,25.0,2.5,0.0,0.0,0.0,0.0,0.0,0.0,"Solution: 1000°C for 1h, cooled by Oil Quenching.",640.0,0.0,10.1016/j.jallcom.2010.05.134
70.0,0.0,0.0,0.0,0.0,0.0,0.0,25.0,5.0,0.0,0.0,0.0,0.0,0.0,0.0,"Solution: 1000°C for 1h, cooled by Oil Quenching.",540.0,0.0,10.1016/j.jallcom.2010.05.134
67.5,0.0,0.0,0.0,0.0,0.0,0.0,25.0,7.5,0.0,0.0,0.0,0.0,0.0,0.0,"Solution: 1000°C for 1h, cooled by Oil Quenching.",585.0,0.0,10.1016/j.jallcom.2010.05.134
70.0,0.0,0.0,0.0,0.0,0.0,0.0,30.0,0.0,0.0,0.0,0.0,0.0,0.0,0.0,"Solution: 1000°C for 1h, cooled by Oil Quenching.",530.0,0.0,10.1016/j.jallcom.2010.05.134
67.5,0.0,0.0,0.0,0.0,0.0,0.0,30.0,2.5,0.0,0.0,0.0,0.0,0.0,0.0,"Solution: 1000°C for 1h, cooled by Oil Quenching.",580.0,0.0,10.1016/j.jallcom.2010.05.134
65.0,0.0,0.0,0.0,0.0,0.0,0.0,30.0,5.0,0.0,0.0,0.0,0.0,0.0,0.0,"Solution: 1000°C for 1h, cooled by Oil Quenching.",590.0,0.0,10.1016/j.jallcom.2010.05.134
62.5,0.0,0.0,0.0,0.0,0.0,0.0,30.0,7.5,0.0,0.0,0.0,0.0,0.0,0.0,"Solution: 1000°C for 1h, cooled by Oil Quenching.",580.0,0.0,10.1016/j.jallcom.2010.05.134
65.0,0.0,0.0,0.0,0.0,0.0,0.0,35.0,0.0,0.0,0.0,0.0,0.0,0.0,0.0,"Solution: 1000°C for 1h, cooled by Oil Quenching.",555.0,0.0,10.1016/j.jallcom.2010.05.134
65.0,0.0,0.0,0.0,0.0,0.0,0.0,35.0,2.5,0.0,0.0,0.0,0.0,0.0,0.0,"Solution: 1000°C for 1h, cooled by Oil Quenching.",575.0,0.0,10.1016/j.jallcom.2010.05.134
65.0,0.0,0.0,0.0,0.0,0.0,0.0,35.0,5.0,0.0,0.0,0.0,0.0,0.0,0.0,"Solution: 1000°C for 1h, cooled by Oil Quenching.",600.0,0.0,10.1016/j.jallcom.2010.05.134
62.5,0.0,0.0,0.0,0.0,0.0,0.0,35.0,7.5,0.0,0.0,0.0,0.0,0.0,0.0,"Solution: 1000°C for 1h, cooled by Oil Quenching.",585.0,0.0,10.1016/j.jallcom.2010.05.134
65.0,0.0,0.0,0.0,0.0,0.0,0.0,35.0,0.0,0.0,0.0,0.0,0.0,0.0,0.0,"Solution: 1000°C for 1h, cooled by Water Quenching.",560.0,0.0,10.1016/j.jmbbm.2015.06.035
63.74,0.0,0.0,0.0,0.0,0.0,0.0,36.74,0.0,0.0,0.0,0.19,0.0,0.0,0.0,"Solution: 1000°C for 1h, cooled by Water Quenching.",573.0,0.0,10.1016/j.jmbbm.2015.06.035
63.55,0.0,0.0,0.0,0.0,0.0,0.0,36.02,0.0,0.0,0.0,0.32,0.0,0.0,0.0,"Solution: 1000°C for 1h, cooled by Water Quenching.",585.0,0.0,10.1016/j.jmbbm.2015.06.035
63.37,0.0,0.0,0.0,0.0,0.0,0.0,36.06,0.0,0.0,0.0,0.57,0.0,0.0,0.0,"Solution: 1000°C for 1h, cooled by Water Quenching.",658.0,0.0,10.1016/j.jmbbm.2015.06.035
92.0,0.0,0.0,0.0,0.0,0.0,8.0,0.0,0.0,0.0,0.0,0.0,0.0,0.0,0.0,"Deformation amount: 10%. Solution: 827°C for 4.0h, cooled by water quenching.",769.0,33.0,10.1007/BF01106518
90.0,0.0,0.0,0.0,0.0,0.0,10.0,0.0,0.0,0.0,0.0,0.0,0.0,0.0,0.0,"Deformation amount: 10%. Solution: 827°C for 4.0h, cooled by water quenching.",872.0,39.0,10.1007/BF01106518
88.5,0.0,0.0,0.0,0.0,0.0,11.5,0.0,0.0,0.0,0.0,0.0,0.0,0.0,0.0,"Deformation amount: 10%. Solution: 827°C for 4.0h, cooled by water quenching.",858.0,14.0,10.1007/BF01106518
87.0,0.0,0.0,0.0,0.0,0.0,13.0,0.0,0.0,0.0,0.0,0.0,0.0,0.0,0.0,"Deformation amount: 10%. Solution: 827°C for 4.0h, cooled by water quenching.",830.0,19.0,10.1007/BF01106518
85.0,0.0,0.0,0.0,0.0,0.0,15.0,0.0,0.0,0.0,0.0,0.0,0.0,0.0,0.0,"Deformation amount: 10%. Solution: 827°C for 4.0h, cooled by water quenching.",814.0,15.0,10.1007/BF01106518
80.0,0.0,0.0,0.0,0.0,0.0,20.0,0.0,0.0,0.0,0.0,0.0,0.0,0.0,0.0,"Deformation amount: 10%. Solution: 827°C for 4.0h, cooled by water quenching.",822.0,8.0,10.1007/BF01106518
88.0,12.0,0.0,0.0,0.0,0.0,0.0,0.0,0.0,0.0,0.0,0.0,0.0,0.0,0.0,"Deformation amount: 80%. Solution: 950°C for 2.5h, cooled by Water Quenching. Annealing: 870°C for 0.5h, cooled by Water Quenching.",660.0,45.0,10.1016/j.msea.2010.03.044
88.0,12.0,0.0,0.0,0.0,0.0,0.0,0.0,0.0,0.0,0.0,0.0,0.0,0.0,0.0,"Deformation amount: 80%. Solution: 950°C for 2.5h, cooled by Water Quenching. Aging: 300°C for 8h, cooled by Water Quenching. Second Aging: 500°C for 8h, cooled by Water Quenching. Annealing: 870°C for 0.5h, cooled by Water Quenching.'",1020.0,9.0,10.1016/j.msea.2010.03.044
82.91,8.43,0.0,7.48,0.0,0.0,0.0,0.0,0.0,1.07,0.0,0.0,0.12,0.0,0.0,"Processing temperature: 1000°C. Deformation amount: 50%. Annealing: 900°C for 0.17h, cooled by Water Quenching.",936.0,30.0,10.1016/j.jallcom.2020.155391
64.63,0.0,0.0,0.0,0.0,0.0,0.0,35.37,0.0,0.0,0.0,0.0,0.0,0.0,0.0,"Processing temperature: 799.85°C. Deformation amount: 50%. Solution: 800°C for 0.5h, cooled by water quenching.",680.0,36.5,10.1016/j.msea.2012.09.012
63.27,1.65,0.0,0.0,0.0,0.0,0.0,35.08,0.0,0.0,0.0,0.0,0.0,0.0,0.0,"Processing temperature: 799.85°C. Deformation amount: 50%. Solution: 800°C for 0.5h, cooled by water quenching.",760.0,34.5,10.1016/j.msea.2012.09.012
63.31,0.0,0.0,0.0,0.0,1.57,0.0,35.11,0.0,0.0,0.0,0.0,0.0,0.0,0.0,"Processing temperature: 799.85°C. Deformation amount: 50%. Solution: 800°C for 0.5h, cooled by water quenching.",610.0,35.0,10.1016/j.msea.2012.09.012
62.39,0.0,0.0,0.0,0.0,0.0,0.0,34.59,3.06,0.0,0.0,0.0,0.0,0.0,0.0,"Processing temperature: 799.85°C. Deformation amount: 50%. Solution: 800°C for 0.5h, cooled by water quenching.",590.0,28.0,10.1016/j.msea.2012.09.012
62.99,0.0,0.0,2.03,0.0,0.0,0.0,34.95,0.0,0.0,0.0,0.0,0.0,0.0,0.0,"Processing temperature: 799.85°C. Deformation amount: 50%. Solution: 800°C for 0.5h, cooled by water quenching.",600.0,26.0,10.1016/j.msea.2012.09.012
63.7,0.0,0.0,0.0,0.0,0.0,0.0,35.36,0.0,0.0,0.0,0.49,0.0,0.0,0.0,"Processing temperature: 799.85°C. Deformation amount: 50%. Solution: 800°C for 0.5h, cooled by water quenching.",610.0,21.0,10.1016/j.msea.2012.09.012
63.46,0.0,0.0,0.0,0.0,0.0,0.0,35.2,0.0,0.96,0.0,0.0,0.0,0.0,0.0,"Processing temperature: 799.85°C. Deformation amount: 50%. Solution: 800°C for 0.5h, cooled by water quenching.",820.0,23.5,10.1016/j.msea.2012.09.012
62.0,0.0,0.0,0.0,0.0,0.0,0.0,38.0,0.0,0.0,0.0,0.0,0.0,0.0,0.0,"Deformation amount: 75%. Solution: 800°C for 1.0h, cooled by water quenching.",400.0,26.0,10.1016/j.msea.2011.12.103
62.0,0.0,0.0,0.0,0.0,0.0,0.0,38.0,0.0,0.0,0.0,0.0,0.0,0.0,0.0,"Deformation amount: 75%. Solution: 800°C for 1.0h, cooled by water quenching. Aging: 300°C for 0.5h.",580.0,30.0,10.1016/j.msea.2011.12.103
62.0,0.0,0.0,0.0,0.0,0.0,0.0,38.0,0.0,0.0,0.0,0.0,0.0,0.0,0.0,"Deformation amount: 75%. Solution: 800°C for 1.0h, cooled by water quenching. Aging: 300°C for 1.0h.",650.0,19.0,10.1016/j.msea.2011.12.103
62.0,0.0,0.0,0.0,0.0,0.0,0.0,38.0,0.0,0.0,0.0,0.0,0.0,0.0,0.0,"Deformation amount: 75%. Solution: 800°C for 1.0h, cooled by water quenching. Aging: 300°C for 2.0h.",720.0,17.0,10.1016/j.msea.2011.12.103
62.0,0.0,0.0,0.0,0.0,0.0,0.0,38.0,0.0,0.0,0.0,0.0,0.0,0.0,0.0,"Deformation amount: 75%. Solution: 800°C for 1.0h, cooled by water quenching. Aging: 300°C for 3.0h.",770.0,18.0,10.1016/j.msea.2011.12.103
62.0,0.0,0.0,0.0,0.0,0.0,0.0,38.0,0.0,0.0,0.0,0.0,0.0,0.0,0.0,"Deformation amount: 75%. Solution: 800°C for 1.0h, cooled by water quenching. Aging: 300°C for 4.0h.",750.0,15.0,10.1016/j.msea.2011.12.103
62.0,0.0,0.0,0.0,0.0,0.0,0.0,38.0,0.0,0.0,0.0,0.0,0.0,0.0,0.0,"Deformation amount: 75%. Solution: 800°C for 1.0h, cooled by water quenching. Aging: 300°C for 5.0h.",760.0,14.0,10.1016/j.msea.2011.12.103
87.45,0.0,0.0,6.33,0.0,0.0,6.21,0.0,0.0,0.0,0.0,0.0,0.0,0.0,0.0,"Deformation amount: 96%. Solution: 1000°C for 0.5h, cooled by water quenching.",590.0,44.0,10.2320/matertrans.M2011153
86.54,0.0,0.0,6.21,0.0,0.0,7.23,0.0,0.0,0.0,0.0,0.0,0.0,0.0,0.0,"Deformation amount: 96%. Solution: 1000°C for 0.5h, cooled by water quenching.",640.0,18.0,10.2320/matertrans.M2011153
85.64,0.0,0.0,6.1,0.0,0.0,8.24,0.0,0.0,0.0,0.0,0.0,0.0,0.0,0.0,"Deformation amount: 96%. Solution: 1000°C for 0.5h, cooled by water quenching.",620.0,13.0,10.2320/matertrans.M2011153
84.73,0.0,0.0,5.99,0.0,0.0,9.26,0.0,0.0,0.0,0.0,0.0,0.0,0.0,0.0,"Deformation amount: 96%. Solution: 1000°C for 0.5h, cooled by water quenching.",630.0,15.0,10.2320/matertrans.M2011153
89.0,7.0,0.0,0.0,0.0,0.0,3.0,0.0,0.0,1.0,0.0,0.0,0.0,0.0,0.0,"Deformation amount: 60%. Solution: 850°C for 0.33h, cooled by air cooling.",1245.0,15.0,10.1016/j.scriptamat.2018.10.043
89.0,7.0,0.0,0.0,0.0,0.0,3.0,0.0,0.0,1.0,0.0,0.0,0.0,0.0,0.0,"Deformation amount: 60%. Solution: 850°C for 0.33h, cooled by air cooling.",924.0,25.0,10.1016/j.scriptamat.2018.10.043
90.0,7.0,0.0,0.0,0.0,0.0,3.0,0.0,0.0,0.0,0.0,0.0,0.0,0.0,0.0,"Deformation amount: 60%. Solution: 850°C for 0.33h, cooled by air cooling.",961.0,0.0,10.1016/j.scriptamat.2018.10.043
90.0,7.0,0.0,0.0,0.0,0.0,3.0,0.0,0.0,0.0,0.0,0.0,0.0,0.0,0.0,"Deformation amount: 60%. Solution: 850°C for 0.33h, cooled by air cooling.",880.0,46.0,10.1016/j.scriptamat.2018.10.043
87.62,12.3,0.0,0.0,0.0,0.0,0.0,0.0,0.0,0.02,0.0,0.0,0.06,0.0,0.0,"Deformation amount: 95%. Solution: 900°C for 0.5h, cooled by water quenching.",960.0,49.0,10.1080/21663831.2017.1350211
85.0,9.0,0.0,0.0,0.0,0.0,0.0,0.0,0.0,0.0,6.0,0.0,0.0,0.0,0.0,"Initial state: As-cast,Cold Rolling. Flash annealing: 820°C for 2 min.",1086.0,2.6,10.1038/s41598-018-25899-3
85.0,9.0,0.0,0.0,0.0,0.0,0.0,0.0,0.0,0.0,6.0,0.0,0.0,0.0,0.0,"Initial state: As-cast,Cold Rolling. Flash annealing: 820°C for 2 min.",1115.0,33.5,10.1038/s41598-018-25899-3
88.0,12.0,0.0,0.0,0.0,0.0,0.0,0.0,0.0,0.0,0.0,0.0,0.0,0.0,0.0,"Solution: 900°C for 0.5h, cooled by water quenching.",550.0,35.0,10.1038/s41598-018-37865-0
84.583,15.3,0.0,0.0,0.0,0.0,0.0,0.0,0.0,0.0,0.0,0.0,0.105,0.0,760.0,"Solution: 900°C for 1.0h, cooled by water quenching.",714.0,49.0,10.1016/j.msea.2009.12.050
83.41,15.3,0.0,0.0,0.0,0.0,0.0,0.0,0.0,1.16,0.0,0.0,0.092,0.0,730.0,"Solution: 900°C for 1h, cooled by water quenching.",837.0,19.0,10.1016/j.msea.2009.12.050
72.6,0.0,0.0,1.3,0.0,2.5,0.0,23.6,0.0,0.0,0.0,0.0,0.0,0.0,0.0,"Solution: 750°C for 1.0h, cooled by water quenching.",646.0,2.0,10.1016/j.jmbbm.2013.07.007
67.9,3.0,0.0,1.9,0.0,2.8,0.0,24.4,0.0,0.0,0.0,0.0,0.0,0.0,0.0,"Solution: 750°C for 1h, cooled by water quenching.",670.0,5.0,10.1016/j.jmbbm.2013.07.007
64.8,5.5,0.0,2.0,0.0,3.1,0.0,24.6,0.0,0.0,0.0,0.0,0.0,0.0,0.0,"Solution: 750°C for 1h, cooled by water quenching.",620.0,7.0,10.1016/j.jmbbm.2013.07.007
83.91,0.0,0.0,0.0,0.0,0.018,0.0,0.0,8.07,7.92,0.0,0.0,0.069,0.0,755.0,"Solution: 805°C for 1.0h, cooled by water quenching.",1066.0,10.0,10.1016/j.msec.2005.04.004
80.73,0.0,0.0,0.0,0.0,3.33,0.0,0.0,8.02,7.85,0.0,0.0,0.037,0.0,695.0,"Solution: 745°C for 1h, cooled by water quenching.",1051.0,10.0,10.1016/j.msec.2005.04.004
76.14,0.0,0.0,0.0,0.0,3.54,0.0,0.0,10.0,10.0,0.0,0.0,0.045,0.0,640.0,"Solution: 690°C for 1h, cooled by water quenching.",1092.0,6.0,10.1016/j.msec.2005.04.004
65.09,4.96,0.0,2.85,0.0,0.0,0.0,24.86,0.0,1.95,0.0,0.0,0.28,0.0,0.0,"Initial Preparation: Mixing elemental powders (HDH-Ti, GA-Ti, Nb, Mo, Sn, Fe). Pressing: 350 MPa. Sintering: 1350°C for 180 min in high vacuum (10^-5 Torr). Cooling: Furnace cooling to room temperature.",621.0,3.77,10.1002/adem.201901229
65.13,4.89,0.0,2.89,0.0,0.0,0.0,0.0,0.0,1.98,0.0,0.0,0.36,0.0,0.0,"Initial Preparation: Mixing elemental powders (HDH-Ti, GA-Ti, Nb, Mo, Sn, Fe). Pressing: 350 MPa. Sintering: 1350°C for 180 min in high vacuum (10^-5 Torr). Cooling: Furnace cooling to room temperature.",682.0,7.22,10.1002/adem.201901229
85.0,12.0,0.0,0.0,0.0,0.0,0.0,3.0,0.0,0.0,0.0,0.0,0.0,0.0,0.0,"Processing temperature: 820°C. Deformation amount: 80%. Solution: 950°C for 1h, cooled by water quenching.",747.0,42.0,10.1016/j.jallcom.2011.11.035
64.603,5.38,0.0,0.0,0.0,29.93,0.0,0.0,0.0,0.0,0.0,0.0,0.087,0.0,0.0,"Solution: 850°C for 1h, cooled by water quenching.",760.0,19.0,10.1016/j.jmbbm.2011.06.020
63.586,6.41,0.0,0.0,0.0,29.87,0.0,0.0,0.0,0.0,0.0,0.0,0.134,0.0,0.0,"Solution: 850°C for 1h, cooled by water quenching.",720.0,34.0,10.1016/j.jmbbm.2011.06.020
62.614,7.07,0.0,0.0,0.0,30.19,0.0,0.0,0.0,0.0,0.0,0.0,0.126,0.0,0.0,"Solution: 850°C for 1h, cooled by water quenching.",790.0,19.0,10.1016/j.jmbbm.2011.06.020
