Ti (wt%),Mo (wt%),Al (wt%),Sn (wt%),V (wt%),Zr (wt%),Cr (wt%),Nb (wt%),Ta (wt%),Fe (wt%),W (wt%),Si (wt%),O (wt%),C (wt%),N (wt%),H (wt%),Ni (wt%),Cu (wt%),B (wt%),Mn (wt%),Y (wt%),Zn (wt%),transition temperature (°C),Process,Strength (MPa),Elongation (%),source
76.0,8.0,5.0,0.0,7.0,4.0,0.0,0.0,0.0,0.0,0.0,0.0,0.0,0.0,0.0,0.0,0.0,0.0,0.0,0.0,0.0,0.0,820.0,"Solution: 780.0°C for 0.5h, cooled by Water Quench (WQ). Aging: 510.0°C for 6.0h, cooled by Air Cool (AC).",1632.0,6.3,10.1016/j.msea.2019.138086
76.0,8.0,5.0,0.0,7.0,4.0,0.0,0.0,0.0,0.0,0.0,0.0,0.0,0.0,0.0,0.0,0.0,0.0,0.0,0.0,0.0,0.0,820.0,"Solution: 780.0°C for 0.5h, cooled by Water Quench (WQ). Aging: 540.0°C for 6.0h, cooled by Air Cool (AC).",1421.0,8.0,10.1016/j.msea.2019.138086
76.0,8.0,5.0,0.0,7.0,4.0,0.0,0.0,0.0,0.0,0.0,0.0,0.0,0.0,0.0,0.0,0.0,0.0,0.0,0.0,0.0,0.0,820.0,"Solution: 780.0°C for 0.5h, cooled by Water Quench (WQ). Aging: 570.0°C for 6.0h, cooled by Air Cool (AC).",1269.0,10.0,10.1016/j.msea.2019.138086
76.0,8.0,5.0,0.0,7.0,4.0,0.0,0.0,0.0,0.0,0.0,0.0,0.0,0.0,0.0,0.0,0.0,0.0,0.0,0.0,0.0,0.0,820.0,"Solution: 780.0°C for 0.5h, cooled by Water Quench (WQ). Aging: 600.0°C for 6.0h, cooled by Air Cool (AC).",1299.0,12.0,10.1016/j.msea.2019.138086
76.0,8.0,5.0,0.0,7.0,4.0,0.0,0.0,0.0,0.0,0.0,0.0,0.0,0.0,0.0,0.0,0.0,0.0,0.0,0.0,0.0,0.0,820.0,"Solution: 780.0°C for 0.5h, cooled by Water Quench (WQ). Aging: 630.0°C for 6.0h, cooled by Air Cool (AC).",1110.0,13.0,10.1016/j.msea.2019.138086
98.59,0.0,0.0,0.0,0.0,0.0,0.0,0.0,0.0,0.0,0.0,0.0,0.33,0.016,0.04,0.021,0.0,0.0,0.0,0.0,0.0,0.0,0.0,"Ball milling and SPS at 999.85°C  for 30 min",596.0,0.0,10.1016/j.msea.2022.143465
98.92,0.0,0.0,0.0,0.0,0.0,0.0,0.0,0.0,0.0,0.0,0.0,0.37,0.015,0.63,0.068,0.0,0.0,0.0,0.0,0.0,0.0,0.0,"Ball milling and SPS at 999.85°C for 30 min",933.0,29.59,10.1016/j.msea.2022.143465
98.24,0.0,0.0,0.0,0.0,0.0,0.0,0.0,0.0,0.0,0.0,0.0,0.36,0.016,1.28,0.12,0.0,0.0,0.0,0.0,0.0,0.0,0.0,"Ball milling and SPS at 999.85°C for 30 min",1187.0,14.08,10.1016/j.msea.2022.143465
97.63,0.0,0.0,0.0,0.0,0.0,0.0,0.0,0.0,0.0,0.0,0.0,0.41,0.016,1.84,0.12,0.0,0.0,0.0,0.0,0.0,0.0,0.0,"Ball milling and SPS at 999.85°C for 30 min",1498.0,7.91,10.1016/j.msea.2022.143465
96.98,0.0,0.0,0.0,0.0,0.0,0.0,0.0,0.0,0.0,0.0,0.0,0.35,0.018,2.66,0.019,0.0,0.0,0.0,0.0,0.0,0.0,0.0,"Ball milling and SPS at 999.85°C for 30 min",2012.0,1.35,10.1016/j.msea.2022.143465
74.04,4.07,3.62,0.0,7.97,4.03,6.01,0.0,0.0,0.106,0.0,0.027,0.116,0.007,0.0,0.0,0.0,0.0,0.0,0.0,0.0,0.0,0.0,"Laser Directed Energy Deposition (LDED)",915.0,23.0,10.1016/j.matdes.2022.111325
74.04,4.07,3.62,0.0,7.97,4.03,6.01,0.0,0.0,0.106,0.0,0.027,0.116,0.007,0.0,0.0,0.0,0.0,0.0,0.0,0.0,0.0,0.0,"Laser Directed Energy Deposition (LDED). Aging: 480.0°C for 6.0h, cooled by Air Cool (AC).",1510.0,7.0,10.1016/j.matdes.2022.111325
76.13,3.71,3.1,0.0,7.42,3.64,5.67,0.0,0.0,0.096,0.0,0.034,0.118,0.077,0.0,0.0,0.0,0.0,0.0,0.0,0.0,0.0,0.0,"Laser Directed Energy Deposition (LDED)",895.0,17.0,10.1016/j.matdes.2022.111325
76.13,3.71,3.1,0.0,7.42,3.64,5.67,0.0,0.0,0.096,0.0,0.034,0.118,0.077,0.0,0.0,0.0,0.0,0.0,0.0,0.0,0.0,0.0,"Laser Directed Energy Deposition (LDED). Aging: 440.0°C for 8.0h, cooled by Air Cool (AC).",1515.0,4.0,10.1016/j.matdes.2022.111325
77.37,5.0,6.37,0.0,3.91,7.0,0.0,0.0,0.0,0.13,0.0,0.0,0.18,0.02,0.02,0.0,0.0,0.0,0.0,0.0,0.0,0.0,0.0,"Solution: 800.0°C for 0.5h, cooled by Air Cool (AC). Aging: 500.0°C for 6.0h, cooled by Air Cool (AC).",1314.0,10.1,10.1016/S1003-6326(20)65412-7
77.37,5.0,6.37,0.0,3.91,7.0,0.0,0.0,0.0,0.13,0.0,0.0,0.18,0.02,0.02,0.0,0.0,0.0,0.0,0.0,0.0,0.0,0.0,"Solution: 800.0°C for 0.5h, cooled by Air Cool (AC). Aging: 600.0°C for 6.0h, cooled by Air Cool (AC).",1227.0,12.5,10.1016/S1003-6326(20)65412-7
77.37,5.0,6.37,0.0,3.91,7.0,0.0,0.0,0.0,0.13,0.0,0.0,0.18,0.02,0.02,0.0,0.0,0.0,0.0,0.0,0.0,0.0,0.0,"Solution: 900.0°C for 0.5h, cooled by Air Cool (AC). Aging: 500.0°C for 6.0h, cooled by Air Cool (AC).",1409.0,0.7,10.1016/S1003-6326(20)65412-7
77.37,5.0,6.37,0.0,3.91,7.0,0.0,0.0,0.0,0.13,0.0,0.0,0.18,0.02,0.02,0.0,0.0,0.0,0.0,0.0,0.0,0.0,0.0,"Solution: 900.0°C for 0.5h, cooled by Air Cool (AC). Aging: 600.0°C for 6.0h, cooled by Air Cool (AC).",1307.0,1.2,10.1016/S1003-6326(20)65412-7
80.24,4.57,3.67,1.96,3.74,1.82,1.86,0.0,0.0,1.02,0.0,0.0,0.07,0.05,0.0,0.0,0.0,0.0,0.0,0.0,0.0,0.0,820.0,"Solution: 850°C for 1h, cooled by Water Quench (WQ).",828.8,29.5,10.1016/j.jallcom.2022.166227
80.24,4.57,3.67,1.96,3.74,1.82,1.86,0.0,0.0,1.02,0.0,0.0,0.07,0.05,0.0,0.0,0.0,0.0,0.0,0.0,0.0,0.0,820.0,"Solution: 850°C for 1h, cooled by Water Quench (WQ); Hot-rolled at 700°C with 10% thickness reduction, cooled by Air Cool.",1025.6,11.4,10.1016/j.jallcom.2022.166227
80.24,4.57,3.67,1.96,3.74,1.82,1.86,0.0,0.0,1.02,0.0,0.0,0.07,0.05,0.0,0.0,0.0,0.0,0.0,0.0,0.0,0.0,820.0,"Solution: 850°C for 1h, cooled by Water Quench (WQ); Hot-rolled at 700°C with 50% thickness reduction, cooled by Air Cool.",1095.8,19.6,10.1016/j.jallcom.2022.166227
80.24,4.57,3.67,1.96,3.74,1.82,1.86,0.0,0.0,1.02,0.0,0.0,0.07,0.05,0.0,0.0,0.0,0.0,0.0,0.0,0.0,0.0,820.0,"Solution: 850°C for 1h, cooled by Water Quench (WQ); Hot-rolled at 700°C with 90% thickness reduction, cooled by Air Cool.",1210.3,22.5,10.1016/j.jallcom.2022.166227
91.1,0.0,3.8,0.0,3.94,0.0,0.0,0.0,0.0,0.026,0.0,0.0,0.112,0.0096,0.017,0.0016,0.0,0.0,0.0,0.0,0.0,0.0,0.0,"As-built by Laser Powder Bed Fusion (LPBF). Building direction: Vertical. Process parameters: Laser Power = 280 W, Scan Speed = 1200 mm/s, Hatch Spacing = 140 μm, Layer Thickness = 30 μm, Substrate Preheating = 100°C.",925.0,14.0,10.1016/j.addma.2022.102656
91.1,0.0,3.8,0.0,3.94,0.0,0.0,0.0,0.0,0.026,0.0,0.0,0.112,0.0096,0.017,0.0016,0.0,0.0,0.0,0.0,0.0,0.0,0.0,"As-built by Laser Powder Bed Fusion (LPBF). Building direction: Horizontal. Process parameters: Laser Power = 280 W, Scan Speed = 1200 mm/s, Hatch Spacing = 140 μm, Layer Thickness = 30 μm, Substrate Preheating = 100°C.",936.0,13.3,10.1016/j.addma.2022.102656
89.81,0.0,5.87,0.0,3.99,0.0,0.0,0.0,0.0,0.21,0.0,0.0,0.087,0.0088,0.011,0.0022,0.0,0.0,0.0,0.0,0.0,0.0,0.0,"As-built by Laser Powder Bed Fusion (LPBF). Building direction: Vertical. Process parameters: Laser Power = 280 W, Scan Speed = 1200 mm/s, Hatch Spacing = 140 μm, Layer Thickness = 30 μm, Substrate Preheating = 100°C.",1235.0,4.3,10.1016/j.addma.2022.102656
89.81,0.0,5.87,0.0,3.99,0.0,0.0,0.0,0.0,0.21,0.0,0.0,0.087,0.0088,0.011,0.0022,0.0,0.0,0.0,0.0,0.0,0.0,0.0,"As-built by Laser Powder Bed Fusion (LPBF). Building direction: Horizontal. Process parameters: Laser Power = 280 W, Scan Speed = 1200 mm/s, Hatch Spacing = 140 μm, Layer Thickness = 30 μm, Substrate Preheating = 100°C.",1194.0,7.4,10.1016/j.addma.2022.102656
89.403,0.0,6.0,0.0,4.0,0.0,0.0,0.0,0.0,0.0,0.0,0.0,0.52,0.02,0.018,0.039,0.0,0.0,0.0,0.0,0.0,0.0,0.0,"Solution: 955°C for 2h, cooled by Water Quench (WQ). Aging: 550°C for 6h, cooled by Air Cool (AC).",1421.7,7.2,10.1016/j.scriptamat.2015.05.008
89.409,0.0,6.0,0.0,4.0,0.0,0.0,0.0,0.0,0.0,0.0,0.0,0.52,0.02,0.018,0.039,0.0,0.0,0.0,0.0,0.0,0.0,0.0,"Annealing: 925°C for 4h, cooled by Furnace Cool (FC) to 750°C, then Air Cool (AC).",1211.3,9.1,10.1016/j.scriptamat.2015.05.008
89.59,0.0,6.19,0.0,4.05,0.0,0.0,0.0,0.0,0.03,0.0,0.0,0.112,0.017,0.0031,0.004,0.0,0.0,0.0,0.0,0.0,0.0,0.0,"Multi-pass Warm Rolling at 650°C to a cumulative strain of ~2.6 (≈92% thickness reduction), followed by Water Quench (WQ).",1299.0,10.0,10.1016/j.msea.2013.09.087
89.59,0.0,6.19,0.0,4.05,0.0,0.0,0.0,0.0,0.03,0.0,0.0,0.112,0.017,0.0031,0.004,0.0,0.0,0.0,0.0,0.0,0.0,0.0,"Multi-pass Warm Rolling at 700°C to a cumulative strain of ~2.6 (≈92% thickness reduction), followed by Water Quench (WQ).",1240.0,11.5,10.1016/j.msea.2013.09.087
89.59,0.0,6.19,0.0,4.05,0.0,0.0,0.0,0.0,0.03,0.0,0.0,0.112,0.017,0.0031,0.004,0.0,0.0,0.0,0.0,0.0,0.0,0.0,"Multi-pass Warm Rolling at 750°C to a cumulative strain of ~2.6 (≈92% thickness reduction), followed by Water Quench (WQ).",1175.0,12.5,10.1016/j.msea.2013.09.087
89.548,0.0,6.08,0.0,4.14,0.0,0.0,0.0,0.0,0.04,0.0,0.0,0.12,0.07,0.001,0.001,0.0,0.0,0.0,0.0,0.0,0.0,0.0,"Hot rolled",1061.0,11.2,10.1016/j.jmrt.2023.06.231
89.548,0.0,6.08,0.0,4.14,0.0,0.0,0.0,0.0,0.04,0.0,0.0,0.12,0.07,0.001,0.001,0.0,0.0,0.0,0.0,0.0,0.0,0.0,"Warm rolled at 550°C",1368.0,7.1,10.1016/j.jmrt.2023.06.231
89.548,0.0,6.08,0.0,4.14,0.0,0.0,0.0,0.0,0.04,0.0,0.0,0.12,0.07,0.001,0.001,0.0,0.0,0.0,0.0,0.0,0.0,0.0,"Warm rolled at 650°C",1325.0,8.0,10.1016/j.jmrt.2023.06.231
89.548,0.0,6.08,0.0,4.14,0.0,0.0,0.0,0.0,0.04,0.0,0.0,0.12,0.07,0.001,0.001,0.0,0.0,0.0,0.0,0.0,0.0,0.0,"Warm rolled at 750°C",1248.0,9.3,10.1016/j.jmrt.2023.06.231
90.0,0.0,6.0,0.0,4.0,15.0,0.0,0.0,0.0,0.0,0.0,0.0,0.0,0.0,0.0,0.0,0.0,0.0,0.0,0.0,0.0,0.0,0.0,"Laser additive manufacturing",1044.0,10.8,10.1016/j.jmrt.2023.05.137
76.5,0.0,5.1,0.0,3.4,30.0,0.0,0.0,0.0,0.0,0.0,0.0,0.0,0.0,0.0,0.0,0.0,0.0,0.0,0.0,0.0,0.0,0.0,"Laser additive manufacturing",1150.0,8.4,10.1016/j.jmrt.2023.05.137
63.0,0.0,4.2,0.0,2.8,45.0,0.0,0.0,0.0,0.0,0.0,0.0,0.0,0.0,0.0,0.0,0.0,0.0,0.0,0.0,0.0,0.0,0.0,"Laser additive manufacturing",1310.0,7.7,10.1016/j.jmrt.2023.05.137
90.0,0.0,6.0,0.0,4.0,0.0,0.0,0.0,0.0,0.0,0.0,0.0,0.0,0.0,0.0,0.0,0.0,0.0,0.0,0.0,0.0,0.0,0.0,"As-forged",847.9,21.8,10.3390/met13061086
89.863,0.0,5.8,0.0,4.2,0.0,0.0,0.0,0.0,0.0,0.0,0.0,0.13,0.0,0.007,0.0,0.0,0.0,0.0,0.0,0.0,0.0,0.0,"Solution: 950°C for 2h, cooled by Water Quench (WQ). Aging: 600°C for 2h, cooled by Furnace Cool.",1350.0,11.0,10.1016/j.jallcom.2018.07.141
89.863,0.0,5.8,0.0,4.2,0.0,0.0,0.0,0.0,0.0,0.0,0.0,0.13,0.0,0.007,0.0,0.0,0.0,0.0,0.0,0.0,0.0,0.0,"Solution: 950°C for 2h, cooled by Water Quench (WQ). Aging: 800°C for 2h, cooled by Furnace Cool.",958.0,17.0,10.1016/j.jallcom.2018.07.141
89.863,0.0,5.8,0.0,4.2,0.0,0.0,0.0,0.0,0.0,0.0,0.0,0.13,0.0,0.007,0.0,0.0,0.0,0.0,0.0,0.0,0.0,0.0,"Solution: 950°C for 2h, cooled by Water Quench (WQ). Aging: 950°C for 2h, cooled by Furnace Cool.",1070.0,12.0,10.1016/j.jallcom.2018.07.141
89.863,0.0,5.8,0.0,4.2,0.0,0.0,0.0,0.0,0.0,0.0,0.0,0.13,0.0,0.007,0.0,0.0,0.0,0.0,0.0,0.0,0.0,0.0,"Solution: 950°C for 2h, cooled by Water Quench (WQ). Aging: 1000°C for 2h, cooled by Furnace Cool.",1180.0,8.0,10.1016/j.jallcom.2018.07.141
92.2,0.0,0.0,0.0,0.0,7.8,0.0,0.0,0.0,0.0,0.0,0.0,0.0,0.0,0.0,0.0,0.0,0.0,0.0,0.0,0.0,0.0,0.0,"As-cast",800.5,0.0,10.1016/j.jmrt.2024.03.160
91.2,0.0,0.0,0.0,0.0,7.8,0.0,1.0,0.0,0.0,0.0,0.0,0.0,0.0,0.0,0.0,0.0,0.0,0.0,0.0,0.0,0.0,0.0,"As-cast",1352.9,0.0,10.1016/j.jmrt.2024.03.160
81.54,6.24,6.33,1.85,0.0,3.91,0.0,0.0,0.0,0.14,0.0,0.0,0.0,0.0,0.0,0.0,0.0,0.0,0.0,0.0,0.0,0.0,935.0,"As-forged",1057.0,12.9,10.3390/ma17051145
81.54,6.24,6.33,1.85,0.0,3.91,0.0,0.0,0.0,0.14,0.0,0.0,0.0,0.0,0.0,0.0,0.0,0.0,0.0,0.0,0.0,0.0,935.0,"Hot Rolled at 900°C",1154.0,3.8,10.3390/ma17051145
81.54,6.24,6.33,1.85,0.0,3.91,0.0,0.0,0.0,0.14,0.0,0.0,0.0,0.0,0.0,0.0,0.0,0.0,0.0,0.0,0.0,0.0,935.0,"Solution: 800°C for 9min, cooled by Oil Quench (OQ).",1165.0,5.3,10.3390/ma17051145
81.54,6.24,6.33,1.85,0.0,3.91,0.0,0.0,0.0,0.14,0.0,0.0,0.0,0.0,0.0,0.0,0.0,0.0,0.0,0.0,0.0,0.0,935.0,"Solution: 900°C for 9min, cooled by Oil Quench (OQ).",1357.0,6.9,10.3390/ma17051145
81.54,6.24,6.33,1.85,0.0,3.91,0.0,0.0,0.0,0.14,0.0,0.0,0.0,0.0,0.0,0.0,0.0,0.0,0.0,0.0,0.0,0.0,935.0,"Solution: 1000°C for 9min, cooled by Oil Quench (OQ).",984.0,9.7,10.3390/ma17051145
81.54,6.24,6.33,1.85,0.0,3.91,0.0,0.0,0.0,0.14,0.0,0.0,0.0,0.0,0.0,0.0,0.0,0.0,0.0,0.0,0.0,0.0,935.0,"Solution: 800°C for 9min, cooled by Oil Quench (OQ). Aging: 600°C for 6h, cooled by Air Cool (AC).",1089.0,8.1,10.3390/ma17051145
81.54,6.24,6.33,1.85,0.0,3.91,0.0,0.0,0.0,0.14,0.0,0.0,0.0,0.0,0.0,0.0,0.0,0.0,0.0,0.0,0.0,0.0,935.0,"Solution: 900°C for 9min, cooled by Oil Quench (OQ). Aging: 600°C for 6h, cooled by Air Cool (AC).",1284.0,15.4,10.3390/ma17051145
81.54,6.24,6.33,1.85,0.0,3.91,0.0,0.0,0.0,0.14,0.0,0.0,0.0,0.0,0.0,0.0,0.0,0.0,0.0,0.0,0.0,0.0,935.0,"Solution: 1000°C for 9min, cooled by Oil Quench (OQ). Aging: 600°C for 6h, cooled by Air Cool (AC).",1170.0,6.9,10.3390/ma17051145
90.0,0.0,6.0,0.0,4.0,0.0,0.0,0.0,0.0,0.0,0.0,0.0,0.0,0.0,0.0,0.0,0.0,0.0,0.0,0.0,0.0,0.0,0.0,"As-cast",1022.0,4.0,10.1016/j.msea.2017.08.018
88.5,0.0,6.0,0.0,3.0,0.5,1.0,0.0,0.0,1.0,0.0,0.0,0.0,0.0,0.0,0.0,0.0,0.0,0.0,0.0,0.0,0.0,0.0,"As-cast",1156.0,4.8,10.1016/j.msea.2017.08.018
88.0,0.0,6.0,0.0,3.0,0.5,1.5,0.0,0.0,1.0,0.0,0.0,0.0,0.0,0.0,0.0,0.0,0.0,0.0,0.0,0.0,0.0,0.0,"As-cast",1217.0,4.2,10.1016/j.msea.2017.08.018
87.98,0.0,6.0,0.0,3.0,0.5,1.5,0.0,0.0,1.0,0.0,0.0,0.0,0.0,0.0,0.0,0.0,0.0,0.02,0.0,0.0,0.0,0.0,"As-cast",1223.0,6.3,10.1016/j.msea.2017.08.018
87.95,0.0,6.0,0.0,3.0,0.5,1.5,0.0,0.0,1.0,0.0,0.0,0.0,0.0,0.0,0.0,0.0,0.0,0.05,0.0,0.0,0.0,0.0,"As-cast",1220.0,5.5,10.1016/j.msea.2017.08.018
87.98,0.0,6.0,0.0,3.0,0.5,1.5,0.0,0.0,1.0,0.0,0.0,0.0,0.02,0.0,0.0,0.0,0.0,0.0,0.0,0.0,0.0,0.0,"As-cast",1241.0,5.1,10.1016/j.msea.2017.08.018
87.98,0.0,6.0,0.0,3.0,0.5,1.5,0.0,0.0,1.0,0.0,0.0,0.0,0.01,0.0,0.0,0.0,0.0,0.01,0.0,0.0,0.0,0.0,"As-cast",1233.0,6.5,10.1016/j.msea.2017.08.018
62.0,0.0,5.0,0.0,3.0,30.0,0.0,0.0,0.0,0.0,0.0,0.0,0.0,0.0,0.0,0.0,0.0,0.0,0.0,0.0,0.0,0.0,0.0,"Solution: 1000°C for 0.5h, cooled by Air Cool",1302.0,4.28,10.1016/j.msea.2017.03.027
61.48,0.0,5.0,0.0,3.0,30.01,0.0,0.0,0.0,0.5,0.0,0.0,0.0,0.0,0.0,0.0,0.0,0.0,0.0,0.0,0.0,0.0,0.0,"Solution: 1000°C for 0.5h, cooled by Air Cool",1420.0,5.34,10.1016/j.msea.2017.03.027
61.0,0.0,5.0,0.0,3.0,30.0,0.0,0.0,0.0,1.0,0.0,0.0,0.0,0.0,0.0,0.0,0.0,0.0,0.0,0.0,0.0,0.0,0.0,"Solution: 1000°C for 0.5h, cooled by Air Cool",1533.0,2.49,10.1016/j.msea.2017.03.027
60.49,0.0,5.0,0.0,3.0,30.0,0.0,0.0,0.0,1.5,0.0,0.0,0.0,0.0,0.0,0.0,0.0,0.0,0.0,0.0,0.0,0.0,0.0,"Solution: 1000°C for 0.5h, cooled by Air Cool",1667.0,2.34,10.1016/j.msea.2017.03.027
60.0,0.0,5.0,0.0,3.0,30.0,0.0,0.0,0.0,2.0,0.0,0.0,0.0,0.0,0.0,0.0,0.0,0.0,0.0,0.0,0.0,0.0,0.0,"Solution: 1000°C for 0.5h, cooled by Air Cool",1538.0,1.9,10.1016/j.msea.2017.03.027
59.5,0.0,5.0,0.0,3.0,30.0,0.0,0.0,0.0,2.5,0.0,0.0,0.0,0.0,0.0,0.0,0.0,0.0,0.0,0.0,0.0,0.0,0.0,"Solution: 1000°C for 0.5h, cooled by Air Cool",1115.0,2.0,10.1016/j.msea.2017.03.027
82.0,5.0,5.0,0.0,5.0,0.0,3.0,0.0,0.0,0.0,0.0,0.0,0.0,0.0,0.0,0.0,0.0,0.0,0.0,0.0,0.0,0.0,860.0,"Solution: 1300°C for 0.17h, cooled by Argon Flow.",800.0,1.0,10.1016/j.matchemphys.2018.03.007
82.0,5.0,5.0,0.0,5.0,0.0,3.0,0.0,0.0,0.0,0.0,0.0,0.0,0.0,0.0,0.0,0.0,0.0,0.0,0.0,0.0,0.0,860.0,"Solution: 1200°C for 0.08h, cooled by Air Cool.",905.0,2.2,10.1016/j.matchemphys.2018.03.007
82.0,5.0,5.0,0.0,5.0,0.0,3.0,0.0,0.0,0.0,0.0,0.0,0.0,0.0,0.0,0.0,0.0,0.0,0.0,0.0,0.0,0.0,860.0,"Solution: 1200°C for 0.08h, cooled by Air Cool. Aging: 675°C for 2h, cooled by Furnace Cool.",1300.0,2.1,10.1016/j.matchemphys.2018.03.007
82.0,5.0,5.0,0.0,5.0,0.0,3.0,0.0,0.0,0.0,0.0,0.0,0.0,0.0,0.0,0.0,0.0,0.0,0.0,0.0,0.0,0.0,860.0,"Solution: 1200°C for 0.08h, cooled by Air Cool. Aging: 780°C for 2h, cooled by Furnace Cool.",1235.0,6.1,10.1016/j.matchemphys.2018.03.007
86.0,2.0,6.0,2.0,0.0,4.0,0.0,0.0,0.0,0.0,0.0,0.0,0.0,0.0,0.0,0.0,0.0,0.0,0.0,0.0,0.0,0.0,1005.0,"Laser Aided Additive Manufacturing",1180.0,6.3,10.1016/j.apmate.2021.09.002
86.0,2.0,6.0,2.0,0.0,4.0,0.0,0.0,0.0,0.0,0.0,0.0,0.0,0.0,0.0,0.0,0.0,0.0,0.0,0.0,0.0,0.0,1005.0,"Cyclic Heat Treatment: Multiple cycles between 980°C and 920°C. Cooled by Furnace Cool.",950.0,13.5,10.1016/j.apmate.2021.09.002
86.0,2.0,6.0,2.0,0.0,4.0,0.0,0.0,0.0,0.0,0.0,0.0,0.0,0.0,0.0,0.0,0.0,0.0,0.0,0.0,0.0,0.0,1005.0,"Cyclic Heat Treatment: Multiple cycles between 980°C and 920°C. Solution: 960°C for 1h, cooled by Air Cool.",950.0,12.9,10.1016/j.apmate.2021.09.002
90.0,0.0,6.0,0.0,4.0,0.0,0.0,0.0,0.0,0.0,0.0,0.0,0.0,0.0,0.0,0.0,0.0,0.0,0.0,0.0,0.0,0.0,0.0,"Direct Energy Deposition, Volumetric Energy Density: 131 J/mm³",1007.41,8.91,10.3390/met14020198
93.66,0.0,4.66,0.0,3.11,0.0,0.0,0.0,0.0,1.0,0.0,0.0,0.0,0.0,0.0,0.0,0.0,0.0,0.0,0.0,0.0,0.0,0.0,"Direct Energy Deposition, Volumetric Energy Density: 131 J/mm³",1076.95,10.82,10.3390/met14020198
91.66,0.0,4.66,0.0,3.11,0.0,0.0,0.0,0.0,3.0,0.0,0.0,0.0,0.0,0.0,0.0,0.0,0.0,0.0,0.0,0.0,0.0,0.0,"Direct Energy Deposition, Volumetric Energy Density: 131 J/mm³",1298.64,4.82,10.3390/met14020198
89.66,0.0,4.66,0.0,3.11,0.0,0.0,0.0,0.0,5.0,0.0,0.0,0.0,0.0,0.0,0.0,0.0,0.0,0.0,0.0,0.0,0.0,0.0,"Direct Energy Deposition, Volumetric Energy Density: 131 J/mm³",1323.75,0.81,10.3390/met14020198
85.198,5.02,3.03,0.0,0.0,1.87,3.8,0.0,0.0,0.995,0.0,0.0,0.087,0.0,0.0,0.0,0.0,0.0,0.0,0.0,0.0,0.0,815.0,"Solution: 780°C for 1h, cooled by Air Cool (AC). Aging: 500°C for 8h, cooled by Air Cool (AC).",1459.03,5.2,10.3390/ma12172791
85.198,5.02,3.03,0.0,0.0,1.87,3.8,0.0,0.0,0.995,0.0,0.0,0.087,0.0,0.0,0.0,0.0,0.0,0.0,0.0,0.0,0.0,815.0,"Solution: 780°C for 1h, cooled by Air Cool (AC). Aging: 520°C for 8h, cooled by Air Cool (AC).",1398.66,6.04,10.3390/ma12172791
85.198,5.02,3.03,0.0,0.0,1.87,3.8,0.0,0.0,0.995,0.0,0.0,0.087,0.0,0.0,0.0,0.0,0.0,0.0,0.0,0.0,0.0,815.0,"Solution: 780°C for 1h, cooled by Air Cool (AC). Aging: 540°C for 8h, cooled by Air Cool (AC).",1313.39,8.62,10.3390/ma12172791
85.198,5.02,3.03,0.0,0.0,1.87,3.8,0.0,0.0,0.995,0.0,0.0,0.087,0.0,0.0,0.0,0.0,0.0,0.0,0.0,0.0,0.0,815.0,"Solution: 780°C for 1h, cooled by Air Cool (AC). Aging: 560°C for 8h, cooled by Air Cool (AC).",1242.52,10.31,10.3390/ma12172791
96.0,4.0,0.0,0.0,0.0,0.0,0.0,0.0,0.0,0.0,0.0,0.0,0.0,0.0,0.0,0.0,0.0,0.0,0.0,0.0,0.0,0.0,0.0,"SPS: 1200°C for 5min, cooled by Furnace Cool (FC).",700.0,6.0,10.1016/j.jmrt.2020.07.066
92.0,8.0,0.0,0.0,0.0,0.0,0.0,0.0,0.0,0.0,0.0,0.0,0.0,0.0,0.0,0.0,0.0,0.0,0.0,0.0,0.0,0.0,0.0,"SPS: 1200°C for 5min, cooled by Furnace Cool (FC).",852.0,7.5,10.1016/j.jmrt.2020.07.066
88.0,12.0,0.0,0.0,0.0,0.0,0.0,0.0,0.0,0.0,0.0,0.0,0.0,0.0,0.0,0.0,0.0,0.0,0.0,0.0,0.0,0.0,0.0,"SPS: 1200°C for 5min, cooled by Furnace Cool (FC).",800.0,10.0,10.1016/j.jmrt.2020.07.066
84.0,16.0,0.0,0.0,0.0,0.0,0.0,0.0,0.0,0.0,0.0,0.0,0.0,0.0,0.0,0.0,0.0,0.0,0.0,0.0,0.0,0.0,0.0,"SPS: 1200°C for 5min, cooled by Furnace Cool (FC).",650.0,2.5,10.1016/j.jmrt.2020.07.066
80.0,20.0,0.0,0.0,0.0,0.0,0.0,0.0,0.0,0.0,0.0,0.0,0.0,0.0,0.0,0.0,0.0,0.0,0.0,0.0,0.0,0.0,0.0,"SPS: 1200°C for 5min, cooled by Furnace Cool (FC).",440.0,4.1,10.1016/j.jmrt.2020.07.066
82.62,4.93,5.2,0.0,5.0,0.0,1.1,0.0,0.0,0.96,0.0,0.0,0.1389,0.0,0.0,0.0,0.0,0.0,0.0,0.0,0.0,0.0,0.0,"Selective Laser Melting（SLM）",874.5,17.3,10.3390/ma15165493
82.62,4.93,5.2,0.0,5.0,0.0,1.1,0.0,0.0,0.96,0.0,0.0,0.1389,0.0,0.0,0.0,0.0,0.0,0.0,0.0,0.0,0.0,0.0,"Selective Laser Melting（SLM）. Solution: 750.0°C for 2.0h, cooled by Water Quench. Aging: 600.0°C for 2.0h, cooled by Water Quench.",1165.6,15.6,10.3390/ma15165493
89.2,0.0,6.4,0.0,4.2,0.0,0.0,0.0,0.0,0.0,0.0,0.0,0.0,0.0,0.0,0.0,0.0,0.0,0.0,0.0,0.0,0.0,0.0,"Sintering: 900.0°C for 2.0min, cooled by Furnace Cool.",1691.0,0.0,10.4149/km 2018 3 191
87.2,0.0,6.4,2.0,4.2,0.0,0.0,0.0,0.0,0.0,0.0,0.0,0.0,0.0,0.0,0.0,0.0,0.0,0.0,0.0,0.0,0.0,0.0,"Sintering: 900.0°C for 2.0min, cooled by Furnace Cool.",1502.0,15.29,10.4149/km 2018 3 191
85.2,0.0,6.4,4.0,4.2,0.0,0.0,0.0,0.0,0.0,0.0,0.0,0.0,0.0,0.0,0.0,0.0,0.0,0.0,0.0,0.0,0.0,0.0,"Sintering: 900.0°C for 2.0min, cooled by Furnace Cool.",1265.0,13.12,10.4149/km 2018 3 191
83.2,0.0,6.4,6.0,4.2,0.0,0.0,0.0,0.0,0.0,0.0,0.0,0.0,0.0,0.0,0.0,0.0,0.0,0.0,0.0,0.0,0.0,0.0,"Sintering: 900.0°C for 2.0min, cooled by Furnace Cool.",1050.0,11.05,10.4149/km 2018 3 191
87.43,1.45,6.53,0.0,2.28,2.18,0.0,0.0,0.0,0.0,0.0,0.0,0.0,0.0,0.0,0.0,0.0,0.0,0.0,0.0,0.0,0.0,995.0,"L-PBF",1281.0,8.14,10.1016/j.msea.2021.142241
87.43,1.45,6.53,0.0,2.28,2.18,0.0,0.0,0.0,0.0,0.0,0.0,0.0,0.0,0.0,0.0,0.0,0.0,0.0,0.0,0.0,0.0,995.0,"L-PBF. Solution: 750.0°C for 2.0h, cooled by Air Cool.",1077.0,14.37,10.1016/j.msea.2021.142241
87.43,1.45,6.53,0.0,2.28,2.18,0.0,0.0,0.0,0.0,0.0,0.0,0.0,0.0,0.0,0.0,0.0,0.0,0.0,0.0,0.0,0.0,995.0,"L-PBF. Solution: 970.0°C for 1.5h, cooled by Air Cool. Aging: 600.0°C for 3.0h, cooled by Air Cool.",1012.0,15.7,10.1016/j.msea.2021.142241
87.43,1.45,6.53,0.0,2.28,2.18,0.0,0.0,0.0,0.0,0.0,0.0,0.0,0.0,0.0,0.0,0.0,0.0,0.0,0.0,0.0,0.0,995.0,"L-PBF. Solution: 970.0°C for 1.5h, cooled by Air Cool. Aging: 750.0°C for 3.0h, cooled by Air Cool.",964.0,16.68,10.1016/j.msea.2021.142241
87.43,1.45,6.53,0.0,2.28,2.18,0.0,0.0,0.0,0.0,0.0,0.0,0.0,0.0,0.0,0.0,0.0,0.0,0.0,0.0,0.0,0.0,995.0,"L-PBF. Solution: 970.0°C for 1.5h, cooled by Air Cool. Aging: 930.0°C for 3.0h, cooled by Air Cool.",1001.0,13.99,10.1016/j.msea.2021.142241
87.43,1.45,6.53,0.0,2.28,2.18,0.0,0.0,0.0,0.0,0.0,0.0,0.0,0.0,0.0,0.0,0.0,0.0,0.0,0.0,0.0,0.0,995.0,"L-PBF. Solution: 970.0°C for 1.5h, cooled by Air Cool. Aging: 930.0°C for 3.0h, cooled by Air Cool. Second Aging: 600.0°C for 4.0h, cooled by Air Cool.",1019.0,16.33,10.1016/j.msea.2021.142241
99.7,0.0,0.0,0.0,0.0,0.0,0.0,0.0,0.0,0.0,0.0,0.3,0.0,0.0,0.0,0.0,0.0,0.0,0.0,0.0,0.0,0.0,0.0,"SPS: 1000°C for 5min",1123.6,13.4,10.1016/j.jallcom.2023.172404
99.4,0.0,0.0,0.0,0.0,0.0,0.0,0.0,0.0,0.0,0.0,0.6,0.0,0.0,0.0,0.0,0.0,0.0,0.0,0.0,0.0,0.0,0.0,"SPS: 1000°C for 5min",1132.2,8.9,10.1016/j.jallcom.2023.172404
99.0,0.0,0.0,0.0,0.0,0.0,0.0,0.0,0.0,0.0,0.0,1.0,0.0,0.0,0.0,0.0,0.0,0.0,0.0,0.0,0.0,0.0,0.0,"SPS: 1000°C for 5min",1181.6,6.1,10.1016/j.jallcom.2023.172404
98.0,0.0,0.0,0.0,0.0,0.0,0.0,0.0,0.0,0.0,0.0,2.0,0.0,0.0,0.0,0.0,0.0,0.0,0.0,0.0,0.0,0.0,0.0,"SPS: 1000°C for 5min",1185.0,1.3,10.1016/j.jallcom.2023.172404
99.7,0.0,0.0,0.0,0.0,0.0,0.0,0.0,0.0,0.0,0.0,0.3,0.0,0.0,0.0,0.0,0.0,0.0,0.0,0.0,0.0,0.0,0.0,"SPS: 1000°C for 5min. Hot Rolling: 900°C for 0.33h, cooled by Air Cool（AC）",1377.7,10.4,10.1016/j.jallcom.2023.172404
99.4,0.0,0.0,0.0,0.0,0.0,0.0,0.0,0.0,0.0,0.0,0.6,0.0,0.0,0.0,0.0,0.0,0.0,0.0,0.0,0.0,0.0,0.0,"SPS: 1000°C for 5min. Hot Rolling: 900°C for 0.33h, cooled by Air Cool（AC）",1491.6,8.2,10.1016/j.jallcom.2023.172404
99.0,0.0,0.0,0.0,0.0,0.0,0.0,0.0,0.0,0.0,0.0,1.0,0.0,0.0,0.0,0.0,0.0,0.0,0.0,0.0,0.0,0.0,0.0,"SPS: 1000°C for 5min. Hot Rolling: 900°C for 0.33h, cooled by Air Cool（AC）",1510.4,3.3,10.1016/j.jallcom.2023.172404
87.5,0.0,5.2,0.0,0.0,4.5,2.8,0.0,0.0,0.0,0.0,0.0,0.0,0.0,0.0,0.0,0.0,0.0,0.0,0.0,0.0,0.0,0.0,"Homogenization: 1200°C for 1.0h, cooled by Water Quench (WQ). Hot Rolling: Tβ-40°C, multi-pass (86% total reduction). Solution: Tβ-40°C for 0.017h, cooled by Water Quench (WQ).",900.0,4.0,10.1016/j.mattod.2024.04.003
87.0,0.0,5.2,0.0,0.0,4.5,2.8,0.0,0.0,0.0,0.0,0.0,0.5,0.0,0.0,0.0,0.0,0.0,0.0,0.0,0.0,0.0,0.0,"Homogenization: 1200°C for 1.0h, cooled by Water Quench (WQ). Hot Rolling: Tβ-40°C, multi-pass (86% total reduction). Solution: Tβ-40°C for 0.017h, cooled by Water Quench (WQ).",1645.0,11.5,10.1016/j.mattod.2024.04.003
87.0,0.0,5.2,0.0,0.0,4.5,2.8,0.0,0.0,0.0,0.0,0.0,0.5,0.0,0.0,0.0,0.0,0.0,0.0,0.0,0.0,0.0,0.0,"Homogenization: 1200°C for 1.0h, cooled by Water Quench (WQ). Hot Rolling: Tβ-40°C, multi-pass (86% total reduction). Solution: Tβ-40°C for 0.017h, cooled by Water Quench (WQ).",1813.0,7.6,10.1016/j.mattod.2024.04.003
87.32,0.0,5.26,0.0,0.0,4.48,2.82,0.0,0.0,0.0,0.0,0.0,0.12,0.0,0.0,0.0,0.0,0.0,0.0,0.0,0.0,0.0,955.0,"Solution: 920°C for 1.0h, cooled by Air Cool (AC).",1039.0,22.8,10.1038/s41467-022-33710-1
87.32,0.0,5.26,0.0,0.0,4.48,2.82,0.0,0.0,0.0,0.0,0.0,0.12,0.0,0.0,0.0,0.0,0.0,0.0,0.0,0.0,0.0,955.0,"Solution: 920°C for 1.0h, cooled by Water Quench (WQ).",1413.0,12.6,10.1038/s41467-022-33710-1
74.29,4.03,3.63,0.0,8.03,4.0,6.02,0.0,0.0,0.0,0.0,0.0,0.0,0.0,0.0,0.0,0.0,0.0,0.0,0.0,0.0,0.0,0.0,"L-PBF",1000.0,3.0,10.1038/s41563-022-01359-2
74.29,4.03,3.63,0.0,8.03,4.0,6.02,0.0,0.0,0.0,0.0,0.0,0.0,0.0,0.0,0.0,0.0,0.0,0.0,0.0,0.0,0.0,0.0,"L-PBF. Aging: 480°C for 6h, cooled by Water Quench (WQ)",1611.0,5.4,10.1038/s41563-022-01359-2
74.29,4.03,3.63,0.0,8.03,4.0,6.02,0.0,0.0,0.0,0.0,0.0,0.0,0.0,0.0,0.0,0.0,0.0,0.0,0.0,0.0,0.0,0.0,"L-PBF. Aging: 520°C for 3h, cooled by Water Quench (WQ)",1425.0,7.8,10.1038/s41563-022-01359-2
81.33,5.08,5.11,0.0,5.05,0.0,3.13,0.0,0.0,0.08,0.0,0.0,0.22,0.0,0.0,0.0,0.0,0.0,0.0,0.0,0.0,0.0,945.0,"PM. Sintering: 1250.0°C, cooled by Furnace Cool. Forging-1: β-region. Forging-2: (α+β)-region multi-pass, cooled by Air Cool. Rolling: (α+β)-region. Annealing: 550.0°C for 1.0h, cooled by Air Cool.",1704.0,4.8,10.1038/s41467-025-62646-5
81.36,5.12,5.03,0.0,4.98,0.0,3.06,0.0,0.0,0.09,0.0,0.0,0.36,0.0,0.0,0.0,0.0,0.0,0.0,0.0,0.0,0.0,975.0,"PM. Sintering: 1250.0°C, cooled by Furnace Cool. Forging-1: β-region. Forging-2: (α+β)-region multi-pass, cooled by Air Cool. Rolling: (α+β)-region. Annealing: 550.0°C for 1.0h, cooled by Air Cool.",1779.0,7.9,10.1038/s41467-025-62646-5
87.32,0.0,5.26,0.0,0.0,4.48,2.82,0.0,0.0,0.0,0.0,0.0,0.12,0.0,0.0,0.0,0.0,0.0,0.0,0.0,0.0,0.0,955.0,"Homogenization: 1050.0°C for 12.0h, cooled by Furnace Cool. Forging-1 (β): 1050.0°C. Forging-2 (α+β): 980°C → 700°C. Solution: 920.0°C for 1.0h, cooled by Air Cool (AC).",1039.0,22.8,10.1038/s41467-022-33710-1
87.32,0.0,5.26,0.0,0.0,4.48,2.82,0.0,0.0,0.0,0.0,0.0,0.12,0.0,0.0,0.0,0.0,0.0,0.0,0.0,0.0,0.0,955.0,"Homogenization: 1050.0°C for 12.0h, cooled by Furnace Cool. Forging-1 (β): 1050.0°C. Forging-2 (α+β): 980°C → 700°C. Solution: 920.0°C for 1.0h, cooled by Water Quench (WQ).",1413.0,12.6,10.1038/s41467-022-33710-1
99.982,0.0,0.0,0.0,0.0,0.0,0.0,0.0,0.0,0.0,0.0,0.0,0.018,0.0,0.0,0.0,0.0,0.0,0.0,0.0,0.0,0.0,0.0,"Homogenization: 850.0°C for 2.0h, cooled by Water Quench (WQ). Severe Plastic Deformation: High-Pressure Torsion (HPT). Annealing: Various temperatures (480-880°C) for 600s, cooled by Water Quench (WQ).",450.0,20.0,10.1038/s41467-023-36030-0
99.69,0.0,0.0,0.0,0.0,0.0,0.0,0.0,0.0,0.0,0.0,0.0,0.31,0.0,0.0,0.0,0.0,0.0,0.0,0.0,0.0,0.0,0.0,"Homogenization: 850.0°C for 2.0h, cooled by Water Quench (WQ). Severe Plastic Deformation: High-Pressure Torsion (HPT). Annealing: Various temperatures (480-880°C) for 600s, cooled by Water Quench (WQ).",700.0,8.0,10.1038/s41467-023-36030-0
87.53,0.0,5.26,0.0,0.0,4.48,2.73,0.0,0.0,0.0,0.0,0.0,0.0,0.0,0.0,0.0,0.0,0.0,0.0,0.0,0.0,0.0,955.0,"Homogenization: 1050°C for 2h under vacuum.  β-forging: 1050°C.  Through-transus forging: from ~980°C to ~700°C with ~70% thickness reduction.  Sub-solvus heat treatment: 920°C for 1h, cooled by Water Quench (WQ).",1411.0,12.1,10.1016/j.actamat.2023.119540
87.53,0.0,5.26,0.0,0.0,4.48,2.73,0.0,0.0,0.0,0.0,0.0,0.0,0.0,0.0,0.0,0.0,0.0,0.0,0.0,0.0,0.0,955.0,"Tempering: 300°C for 1h, cooled by Air Cool (AC).",1641.0,6.0,10.1016/j.actamat.2023.119540
82.83,6.8,4.1,0.0,0.0,2.5,2.5,0.0,0.0,0.0,0.0,0.0,0.17,0.0,0.1,0.0,0.0,0.0,0.0,0.0,0.0,0.0,925.0,"Homogenization: 1000°C for 2h, cooled by WQ. β-forging: 980°C. Through-transus forging: from ~950°C to ~890°C with ~58% thickness reduction. Solution treatment: 860°C for 1h. Aging: 500°C for 2h, cooled by Air Cool (AC).",0.0,5.0,10.1016/j.actamat.2022.118411
89.4,0.0,0.0,0.0,10.6,0.0,0.0,0.0,0.0,0.0,0.0,0.0,0.0,0.0,0.0,0.0,0.0,0.0,0.0,0.0,0.0,0.0,730.0,"Solution: 950°C for 2h, cooled by Water Quench (WQ). Cold Forging (CF) at room temperature with 10% thickness reduction.",813.0,8.7,10.1016/j.actamat.2024.119963
89.4,0.0,0.0,0.0,10.6,0.0,0.0,0.0,0.0,0.0,0.0,0.0,0.0,0.0,0.0,0.0,0.0,0.0,0.0,0.0,0.0,0.0,730.0,"Solution: 950°C for 2h, cooled by Water Quench (WQ). Cold Rolling (CR) at room temperature with 40% thickness reduction.",904.0,4.0,10.1016/j.actamat.2024.119963
89.4,0.0,0.0,0.0,10.6,0.0,0.0,0.0,0.0,0.0,0.0,0.0,0.0,0.0,0.0,0.0,0.0,0.0,0.0,0.0,0.0,0.0,730.0,"Solution: 950°C for 2h, cooled by Water Quench (WQ). Cold Forging (CF) at room temperature with 10% thickness reduction, then Cold Rolling (CR) at room temperature with 30% thickness reduction.",888.0,27.5,10.1016/j.actamat.2024.119963
89.4,0.0,0.0,0.0,10.6,0.0,0.0,0.0,0.0,0.0,0.0,0.0,0.0,0.0,0.0,0.0,0.0,0.0,0.0,0.0,0.0,0.0,730.0,"Solution: 950°C for 2h, cooled by Water Quench (WQ). Cold Forging (CF) at room temperature with 10% thickness reduction, then Cold Rolling (CR) at room temperature with 60% thickness reduction.",1202.0,16.5,10.1016/j.actamat.2024.119963
99.778,0.0,0.0,0.0,0.0,0.0,0.0,0.0,0.0,0.062,0.0,0.0,0.16,0.0,0.0,0.0,0.0,0.0,0.0,0.0,0.0,0.0,0.0,"DED: laser power 500 W, scan speed 800 mm/min, layer interval 15 s",541.0,33.6,10.1038/s41586-023-05952-6
96.63,0.0,0.0,0.0,0.0,0.0,0.0,0.0,0.0,3.23,0.0,0.0,0.14,0.0,0.0,0.0,0.0,0.0,0.0,0.0,0.0,0.0,0.0,"DED: laser power 500 W, scan speed 800 mm/min, layer interval 15 s",886.0,14.3,10.1038/s41586-023-05952-6
96.41,0.0,0.0,0.0,0.0,0.0,0.0,0.0,0.0,3.25,0.0,0.0,0.34,0.0,0.0,0.0,0.0,0.0,0.0,0.0,0.0,0.0,0.0,"DED: laser power 500 W, scan speed 800 mm/min, layer interval 15 s",1157.0,9.0,10.1038/s41586-023-05952-6
96.33,0.0,0.0,0.0,0.0,0.0,0.0,0.0,0.0,3.17,0.0,0.0,0.5,0.0,0.0,0.0,0.0,0.0,0.0,0.0,0.0,0.0,0.0,"DED: laser power 500 W, scan speed 800 mm/min, layer interval 15 s",1194.0,9.0,10.1038/s41586-023-05952-6
96.03,0.0,0.0,0.0,0.0,0.0,0.0,0.0,0.0,3.3,0.0,0.0,0.67,0.0,0.0,0.0,0.0,0.0,0.0,0.0,0.0,0.0,0.0,"DED: laser power 500 W, scan speed 800 mm/min, layer interval 15 s",1271.0,3.0,10.1038/s41586-023-05952-6
96.33,0.0,0.0,0.0,0.0,0.0,0.0,0.0,0.0,3.32,0.0,0.0,0.35,0.0,0.0,0.0,0.0,0.0,0.0,0.0,0.0,0.0,0.0,"DED: laser power 500 W, scan speed 800 mm/min, layer interval 0 s",1034.0,21.9,10.1038/s41586-023-05952-6
96.56,0.0,0.0,0.0,0.0,0.0,0.0,0.0,0.0,3.12,0.0,0.0,0.32,0.0,0.0,0.0,0.0,0.0,0.0,0.0,0.0,0.0,0.0,"DED: laser power 500 W, scan speed 800 mm/min, layer interval 60 s",1268.0,3.2,10.1038/s41586-023-05952-6
96.29,0.0,0.0,0.0,0.0,0.0,0.0,0.0,0.0,3.36,0.0,0.0,0.35,0.0,0.0,0.0,0.0,0.0,0.0,0.0,0.0,0.0,0.0,"DED: laser power 500 W, scan speed 800 mm/min, layer interval 120 s",1303.0,2.2,10.1038/s41586-023-05952-6
96.48,0.0,0.0,0.0,0.0,0.0,0.0,0.0,0.0,3.17,0.0,0.0,0.35,0.0,0.0,0.0,0.0,0.0,0.0,0.0,0.0,0.0,0.0,"DED: laser power 500 W, scan speed 600 mm/min, layer interval 15 s",1085.0,14.0,10.1038/s41586-023-05952-6
96.56,0.0,0.0,0.0,0.0,0.0,0.0,0.0,0.0,3.11,0.0,0.0,0.33,0.0,0.0,0.0,0.0,0.0,0.0,0.0,0.0,0.0,0.0,"Cu-mould casting",1080.0,6.3,10.1038/s41586-023-05952-6
88.16,0.0,0.0,0.0,0.0,0.0,11.84,0.0,0.0,0.0,0.0,0.0,0.0,0.0,0.0,0.0,0.0,0.0,0.0,0.0,0.0,0.0,0.0,"Forging temperature: 1047°C. Annealing: 900°C for 1h, cooled by ice-water quenching. Aging: 400°C for 0.75h, cooled by air cooling.",1400.0,0.0,10.1016/j.msea.2023.145677
87.2,0.0,0.0,0.0,0.0,0.0,11.82,0.0,0.0,0.98,0.0,0.0,0.0,0.0,0.0,0.0,0.0,0.0,0.0,0.0,0.0,0.0,0.0,"Forging temperature: 1047°C. Annealing: 900°C for 1h, cooled by ice-water quenching. Aging: 400°C for 0.75h, cooled by air cooling.",1250.0,0.0,10.1016/j.msea.2023.145677
84.86,0.0,3.03,0.0,0.0,0.0,12.11,0.0,0.0,0.0,0.0,0.0,0.0,0.0,0.0,0.0,0.0,0.0,0.0,0.0,0.0,0.0,0.0,"Forging temperature: 1047°C. Annealing: 900°C for 1h, cooled by ice-water quenching. Aging: 400°C for 0.75h, cooled by air cooling.",1200.0,0.0,10.1016/j.msea.2023.145677
83.88,0.0,3.03,0.0,0.0,0.0,12.09,0.0,0.0,1.0,0.0,0.0,0.0,0.0,0.0,0.0,0.0,0.0,0.0,0.0,0.0,0.0,0.0,"Forging temperature: 1047°C. Annealing: 900°C for 1h, cooled by ice-water quenching. Aging: 400°C for 0.75h, cooled by air cooling.",1050.0,0.0,10.1016/j.msea.2023.145677
88.16,0.0,0.0,0.0,0.0,0.0,11.84,0.0,0.0,0.0,0.0,0.0,0.0,0.0,0.0,0.0,0.0,0.0,0.0,0.0,0.0,0.0,0.0,"Forging temperature: 1047°C. Annealing: 900°C for 1h, cooled by ice-water quenching. Aging: 400°C for 1.5h, cooled by air cooling.",1300.0,0.0,10.1016/j.msea.2023.145677
87.2,0.0,0.0,0.0,0.0,0.0,11.82,0.0,0.0,0.98,0.0,0.0,0.0,0.0,0.0,0.0,0.0,0.0,0.0,0.0,0.0,0.0,0.0,"Forging temperature: 1047°C. Annealing: 900°C for 1h, cooled by ice-water quenching. Aging: 400°C for 1.5h, cooled by air cooling.",1050.0,0.0,10.1016/j.msea.2023.145677
84.86,0.0,3.03,0.0,0.0,0.0,12.11,0.0,0.0,0.0,0.0,0.0,0.0,0.0,0.0,0.0,0.0,0.0,0.0,0.0,0.0,0.0,0.0,"Forging temperature: 1047°C. Annealing: 900°C for 1h, cooled by ice-water quenching. Aging: 400°C for 1.5h, cooled by air cooling.",1200.0,0.0,10.1016/j.msea.2023.145677
83.88,0.0,3.03,0.0,0.0,0.0,12.09,0.0,0.0,1.0,0.0,0.0,0.0,0.0,0.0,0.0,0.0,0.0,0.0,0.0,0.0,0.0,0.0,"Forging temperature: 1047°C. Annealing: 900°C for 1h, cooled by ice-water quenching. Aging: 400°C for 1.5h, cooled by air cooling.",1100.0,0.0,10.1016/j.msea.2023.145677
88.16,0.0,0.0,0.0,0.0,0.0,11.84,0.0,0.0,0.0,0.0,0.0,0.0,0.0,0.0,0.0,0.0,0.0,0.0,0.0,0.0,0.0,0.0,"Forging temperature: 1047°C. Annealing: 900°C for 1h, cooled by ice-water quenching. Aging: 400°C for 3h, cooled by air cooling.",1550.0,0.0,10.1016/j.msea.2023.145677
87.2,0.0,0.0,0.0,0.0,0.0,11.82,0.0,0.0,0.98,0.0,0.0,0.0,0.0,0.0,0.0,0.0,0.0,0.0,0.0,0.0,0.0,0.0,"Forging temperature: 1047°C. Annealing: 900°C for 1h, cooled by ice-water quenching. Aging: 400°C for 3h, cooled by air cooling.",1400.0,0.0,10.1016/j.msea.2023.145677
84.86,0.0,3.03,0.0,0.0,0.0,12.11,0.0,0.0,0.0,0.0,0.0,0.0,0.0,0.0,0.0,0.0,0.0,0.0,0.0,0.0,0.0,0.0,"Forging temperature: 1047°C. Annealing: 900°C for 1h, cooled by ice-water quenching. Aging: 400°C for 3h, cooled by air cooling.",1600.0,0.0,10.1016/j.msea.2023.145677
83.88,0.0,3.03,0.0,0.0,0.0,12.09,0.0,0.0,1.0,0.0,0.0,0.0,0.0,0.0,0.0,0.0,0.0,0.0,0.0,0.0,0.0,0.0,"Forging temperature: 1047°C. Annealing: 900°C for 1h, cooled by ice-water quenching. Aging: 400°C for 3h, cooled by air cooling.",1500.0,0.0,10.1016/j.msea.2023.145677
88.16,0.0,0.0,0.0,0.0,0.0,11.84,0.0,0.0,0.0,0.0,0.0,0.0,0.0,0.0,0.0,0.0,0.0,0.0,0.0,0.0,0.0,0.0,"Forging temperature: 1047°C. Annealing: 900°C for 1h, cooled by ice-water quenching. Aging: 400°C for 6h, cooled by air cooling.",1500.0,0.0,10.1016/j.msea.2023.145677
87.2,0.0,0.0,0.0,0.0,0.0,11.82,0.0,0.0,0.98,0.0,0.0,0.0,0.0,0.0,0.0,0.0,0.0,0.0,0.0,0.0,0.0,0.0,"Forging temperature: 1047°C. Annealing: 900°C for 1h, cooled by ice-water quenching. Aging: 400°C for 6h, cooled by air cooling.",1550.0,0.0,10.1016/j.msea.2023.145677
84.86,0.0,3.03,0.0,0.0,0.0,12.11,0.0,0.0,0.0,0.0,0.0,0.0,0.0,0.0,0.0,0.0,0.0,0.0,0.0,0.0,0.0,0.0,"Forging temperature: 1047°C. Annealing: 900°C for 1h, cooled by ice-water quenching. Aging: 400°C for 6h, cooled by air cooling.",1650.0,0.0,10.1016/j.msea.2023.145677
83.88,0.0,3.03,0.0,0.0,0.0,12.09,0.0,0.0,1.0,0.0,0.0,0.0,0.0,0.0,0.0,0.0,0.0,0.0,0.0,0.0,0.0,0.0,"Forging temperature: 1047°C. Annealing: 900°C for 1h, cooled by ice-water quenching. Aging: 400°C for 6h, cooled by air cooling.",1600.0,0.0,10.1016/j.msea.2023.145677
88.16,0.0,0.0,0.0,0.0,0.0,11.84,0.0,0.0,0.0,0.0,0.0,0.0,0.0,0.0,0.0,0.0,0.0,0.0,0.0,0.0,0.0,0.0,"Forging temperature: 1047°C. Annealing: 900°C for 1h, cooled by ice-water quenching. Aging: 400°C for 12h, cooled by air cooling.",1400.0,0.0,10.1016/j.msea.2023.145677
87.2,0.0,0.0,0.0,0.0,0.0,11.82,0.0,0.0,0.98,0.0,0.0,0.0,0.0,0.0,0.0,0.0,0.0,0.0,0.0,0.0,0.0,0.0,"Forging temperature: 1047°C. Annealing: 900°C for 1h, cooled by ice-water quenching. Aging: 400°C for 12h, cooled by air cooling.",1650.0,0.0,10.1016/j.msea.2023.145677
84.86,0.0,3.03,0.0,0.0,0.0,12.11,0.0,0.0,0.0,0.0,0.0,0.0,0.0,0.0,0.0,0.0,0.0,0.0,0.0,0.0,0.0,0.0,"Forging temperature: 1047°C. Annealing: 900°C for 1h, cooled by ice-water quenching. Aging: 400°C for 12h, cooled by air cooling.",1700.0,0.0,10.1016/j.msea.2023.145677
83.88,0.0,3.03,0.0,0.0,0.0,12.09,0.0,0.0,1.0,0.0,0.0,0.0,0.0,0.0,0.0,0.0,0.0,0.0,0.0,0.0,0.0,0.0,"Forging temperature: 1047°C. Annealing: 900°C for 1h, cooled by ice-water quenching. Aging: 400°C for 12h, cooled by air cooling.",1725.0,0.0,10.1016/j.msea.2023.145677
89.98,0.0,6.1,0.0,3.8,0.0,0.0,0.0,0.0,0.12,0.0,0.0,0.0,0.0,0.0,0.0,0.0,0.0,0.0,0.0,0.0,0.0,0.0,"Directed Energy Deposition (DED) under an inert atmosphere (Ar/N). Laser power: 1000 W. Scanning speed: 10 mm/s. Powder feed rate: 9 g/min. Hatch distance: 1.3 mm.",1144.0,4.0,10.1016/j.jmrt.2023.12.115
86.38,0.0,5.86,0.0,3.64,0.0,0.0,0.0,0.0,0.12,0.0,0.0,0.0,0.0,0.0,0.0,0.0,4.0,0.0,0.0,0.0,0.0,0.0,"Directed Energy Deposition (DED) under an inert atmosphere (Ar/N). Laser power: 1000 W. Scanning speed: 10 mm/s. Powder feed rate: 9 g/min. Hatch distance: 1.3 mm.",1325.0,1.0,10.1016/j.jmrt.2023.12.115
83.68,0.0,5.67,0.0,3.53,0.0,0.0,0.0,0.0,0.11,0.0,0.0,0.0,0.0,0.0,0.0,0.0,7.0,0.0,0.0,0.0,0.0,0.0,"Directed Energy Deposition (DED) under an inert atmosphere (Ar/N). Laser power: 1000 W. Scanning speed: 10 mm/s. Powder feed rate: 9 g/min. Hatch distance: 1.3 mm.",841.0,0.0,10.1016/j.jmrt.2023.12.115
89.299,0.0,6.0,0.0,4.2,0.0,0.0,0.0,0.0,0.2,0.0,0.0,0.27,0.006,0.017,0.008,0.0,0.0,0.0,0.0,0.0,0.0,0.0,"Hot Extrusion: from φ205 mm to φ100 mm. Hot Rolling: from φ100 mm to φ20 mm, heated at 850°C for a total of five passes.",1293.0,4.3,10.2320/matertrans.Y-M2016806
86.708,0.0,5.9,0.0,4.1,0.0,0.0,0.0,0.0,3.0,0.0,0.0,0.26,0.006,0.02,0.006,0.0,0.0,0.0,0.0,0.0,0.0,0.0,"Hot Extrusion: from φ205 mm to φ100 mm. Hot Rolling: from φ100 mm to φ20 mm, heated at 850°C for a total of five passes.",1325.0,13.6,10.2320/matertrans.Y-M2016806
86.2,0.0,5.9,0.0,4.1,0.0,0.0,0.0,0.0,3.5,0.0,0.0,0.27,0.006,0.018,0.006,0.0,0.0,0.0,0.0,0.0,0.0,0.0,"Hot Extrusion: from φ205 mm to φ100 mm. Hot Rolling: from φ100 mm to φ20 mm, heated at 850°C for a total of five passes.",1357.0,5.0,10.2320/matertrans.Y-M2016806
85.601,0.0,5.9,0.0,4.1,0.0,0.0,0.0,0.0,4.1,0.0,0.0,0.27,0.006,0.017,0.006,0.0,0.0,0.0,0.0,0.0,0.0,0.0,"Hot Extrusion: from φ205 mm to φ100 mm. Hot Rolling: from φ100 mm to φ20 mm, heated at 850°C for a total of five passes.",1380.0,2.5,10.2320/matertrans.Y-M2016806
89.299,0.0,6.0,0.0,4.2,0.0,0.0,0.0,0.0,0.2,0.0,0.0,0.27,0.006,0.017,0.008,0.0,0.0,0.0,0.0,0.0,0.0,0.0,"Hot Extrusion: from φ205 mm to φ100 mm. Hot Rolling: from φ100 mm to φ20 mm, heated at 850°C for a total of five passes. Solution: 870°C for 2.0 h, cooled by air cooling.",1091.0,15.4,10.2320/matertrans.Y-M2016806
86.708,0.0,5.9,0.0,4.1,0.0,0.0,0.0,0.0,3.0,0.0,0.0,0.26,0.006,0.02,0.006,0.0,0.0,0.0,0.0,0.0,0.0,0.0,"Hot Extrusion: from φ205 mm to φ100 mm. Hot Rolling: from φ100 mm to φ20 mm, heated at 850°C for a total of five passes. Solution: 870°C for 2.0 h, cooled by air cooling.",1301.0,8.9,10.2320/matertrans.Y-M2016806
86.2,0.0,5.9,0.0,4.1,0.0,0.0,0.0,0.0,3.5,0.0,0.0,0.27,0.006,0.018,0.006,0.0,0.0,0.0,0.0,0.0,0.0,0.0,"Hot Extrusion: from φ205 mm to φ100 mm. Hot Rolling: from φ100 mm to φ20 mm, heated at 850°C for a total of five passes. Solution: 870°C for 2.0 h, cooled by air cooling.",1325.0,5.7,10.2320/matertrans.Y-M2016806
85.601,0.0,5.9,0.0,4.1,0.0,0.0,0.0,0.0,4.1,0.0,0.0,0.27,0.006,0.017,0.006,0.0,0.0,0.0,0.0,0.0,0.0,0.0,"Hot Extrusion: from φ205 mm to φ100 mm. Hot Rolling: from φ100 mm to φ20 mm, heated at 850°C for a total of five passes. Solution: 870°C for 2.0 h, cooled by air cooling.",1356.0,2.1,10.2320/matertrans.Y-M2016806
89.299,0.0,6.0,0.0,4.2,0.0,0.0,0.0,0.0,0.2,0.0,0.0,0.27,0.006,0.017,0.008,0.0,0.0,0.0,0.0,0.0,0.0,0.0,"Hot Extrusion: from φ205 mm to φ100 mm. Hot Rolling: from φ100 mm to φ20 mm, heated at 850°C for a total of five passes. Solution: 870°C for 2.0 h, cooled by water quenching.",1216.0,11.8,10.2320/matertrans.Y-M2016806
86.708,0.0,5.9,0.0,4.1,0.0,0.0,0.0,0.0,3.0,0.0,0.0,0.26,0.006,0.02,0.006,0.0,0.0,0.0,0.0,0.0,0.0,0.0,"Hot Extrusion: from φ205 mm to φ100 mm. Hot Rolling: from φ100 mm to φ20 mm, heated at 850°C for a total of five passes. Solution: 870°C for 2.0 h, cooled by water quenching.",1131.0,15.0,10.2320/matertrans.Y-M2016806
86.2,0.0,5.9,0.0,4.1,0.0,0.0,0.0,0.0,3.5,0.0,0.0,0.27,0.006,0.018,0.006,0.0,0.0,0.0,0.0,0.0,0.0,0.0,"Hot Extrusion: from φ205 mm to φ100 mm. Hot Rolling: from φ100 mm to φ20 mm, heated at 850°C for a total of five passes. Solution: 870°C for 2.0 h, cooled by water quenching.",1130.0,11.1,10.2320/matertrans.Y-M2016806
85.601,0.0,5.9,0.0,4.1,0.0,0.0,0.0,0.0,4.1,0.0,0.0,0.27,0.006,0.017,0.006,0.0,0.0,0.0,0.0,0.0,0.0,0.0,"Hot Extrusion: from φ205 mm to φ100 mm. Hot Rolling: from φ100 mm to φ20 mm, heated at 850°C for a total of five passes. Solution: 870°C for 2.0 h, cooled by water quenching.",1132.0,12.5,10.2320/matertrans.Y-M2016806
87.0,0.0,6.0,0.0,0.0,0.0,0.0,7.0,0.0,0.0,0.0,0.0,0.0,0.0,0.0,0.0,0.0,0.0,0.0,0.0,0.0,0.0,1005.0,"Solution: 985°C for 1h, cooled by air cooling. Aging: 700°C for 4h, cooled by air cooling.,",916.0,26.0,10.2320/matertrans.MT-M2021242
87.0,0.0,6.0,0.0,0.0,0.0,0.0,7.0,0.0,0.0,0.0,0.0,0.0,0.0,0.0,0.0,0.0,0.0,0.0,0.0,0.0,0.0,1005.0,"Solution: 985°C for 1h, cooled by iced water quenching.,",1099.0,23.0,10.2320/matertrans.MT-M2021242
87.0,0.0,6.0,0.0,0.0,0.0,0.0,7.0,0.0,0.0,0.0,0.0,0.0,0.0,0.0,0.0,0.0,0.0,0.0,0.0,0.0,0.0,1005.0,"Solution: 1035°C for 1h, cooled by iced water quenching.,",1051.0,12.0,10.2320/matertrans.MT-M2021242
90.1,0.0,7.1,0.0,1.2,1.6,0.0,0.0,0.0,0.0,0.0,0.0,0.0,0.0,0.0,0.0,0.0,0.0,0.0,0.0,0.0,0.0,0.0,"Preparation: Vacuum arc melting (5 times) under argon atmosphere. Processing: Copper-mold suction casting. Final State: As-cast.",790.0,14.1,10.1007/s41230-023-2071-0
87.9,0.0,6.8,0.0,2.4,2.9,0.0,0.0,0.0,0.0,0.0,0.0,0.0,0.0,0.0,0.0,0.0,0.0,0.0,0.0,0.0,0.0,0.0,"Preparation: Vacuum arc melting (5 times) under argon atmosphere. Processing: Copper-mold suction casting. Final State: As-cast.",840.0,10.5,10.1007/s41230-023-2071-0
85.8,0.0,6.5,0.0,3.5,4.2,0.0,0.0,0.0,0.0,0.0,0.0,0.0,0.0,0.0,0.0,0.0,0.0,0.0,0.0,0.0,0.0,0.0,"Preparation: Vacuum arc melting (5 times) under argon atmosphere. Processing: Copper-mold suction casting. Final State: As-cast.",970.0,8.0,10.1007/s41230-023-2071-0
83.6,0.0,6.2,0.0,4.6,5.6,0.0,0.0,0.0,0.0,0.0,0.0,0.0,0.0,0.0,0.0,0.0,0.0,0.0,0.0,0.0,0.0,0.0,"Preparation: Vacuum arc melting (5 times) under argon atmosphere. Processing: Copper-mold suction casting. Final State: As-cast.",1080.0,6.0,10.1007/s41230-023-2071-0
81.6,0.0,5.9,0.0,5.7,6.8,0.0,0.0,0.0,0.0,0.0,0.0,0.0,0.0,0.0,0.0,0.0,0.0,0.0,0.0,0.0,0.0,0.0,"Preparation: Vacuum arc melting (5 times) under argon atmosphere. Processing: Copper-mold suction casting. Final State: As-cast.",1200.0,3.0,10.1007/s41230-023-2071-0
79.5,0.0,5.6,0.0,6.8,8.1,0.0,0.0,0.0,0.0,0.0,0.0,0.0,0.0,0.0,0.0,0.0,0.0,0.0,0.0,0.0,0.0,0.0,"Preparation: Vacuum arc melting (5 times) under argon atmosphere. Processing: Copper-mold suction casting. Final State: As-cast.",1300.0,3.4,10.1007/s41230-023-2071-0
77.6,0.0,5.3,0.0,7.8,9.3,0.0,0.0,0.0,0.0,0.0,0.0,0.0,0.0,0.0,0.0,0.0,0.0,0.0,0.0,0.0,0.0,0.0,"Preparation: Vacuum arc melting (5 times) under argon atmosphere. Processing: Copper-mold suction casting. Final State: As-cast.",1250.0,6.0,10.1007/s41230-023-2071-0
82.04,5.1,4.98,0.0,4.54,0.0,2.86,0.0,0.0,0.38,0.0,0.0,0.1,0.0,0.0,0.0,0.0,0.0,0.0,0.0,0.0,0.0,0.0,"Aging: 600°C for 0.5 h, cooled by Water Quenching(Fast Heating Rate).",1345.0,11.6,10.1016/j.addma.2021.102384
82.04,5.1,4.98,0.0,4.54,0.0,2.86,0.0,0.0,0.38,0.0,0.0,0.1,0.0,0.0,0.0,0.0,0.0,0.0,0.0,0.0,0.0,0.0,"Aging: 600°C for 0.5 h, cooled by Water Quenching (Slow Heating Rate).",1380.0,4.2,10.1016/j.addma.2021.102384
82.04,5.1,4.98,0.0,4.54,0.0,2.86,0.0,0.0,0.38,0.0,0.0,0.1,0.0,0.0,0.0,0.0,0.0,0.0,0.0,0.0,0.0,0.0,"Aging: 300°C for 8.0 h. Second Aging: 600°C for 0.5 h, cooled by Water Quenching.",1365.0,4.0,10.1016/j.addma.2021.102384
82.04,5.1,4.98,0.0,4.54,0.0,2.86,0.0,0.0,0.38,0.0,0.0,0.1,0.0,0.0,0.0,0.0,0.0,0.0,0.0,0.0,0.0,0.0,"Solution: 900°C for 0.5 h, cooled by Water Quenching. Aging: 600°C for 0.5 h, cooled by Water Quenching (Fast Heating Rate).",1150.0,8.2,10.1016/j.addma.2021.102384
89.67,0.0,6.3,0.0,3.9,0.0,0.0,0.0,0.0,0.0,0.0,0.0,0.13,0.0,0.0,0.0,0.0,0.0,0.0,0.0,0.0,0.0,0.0,"Laser Powder Bed Fusion (LPBF) using Renishaw AM400.",1280.0,5.5,10.1016/j.jallcom.2023.169022
92.1,0.0,4.9,0.0,3.0,0.0,0.0,0.0,0.0,0.0,0.0,0.0,0.0,0.0,0.0,0.0,0.0,0.0,0.0,0.0,0.0,0.0,0.0,"Laser Powder Bed Fusion (LPBF) using Renishaw AM400.",1150.0,8.7,10.1016/j.jallcom.2023.169022
95.2,0.0,3.0,0.0,1.8,0.0,0.0,0.0,0.0,0.0,0.0,0.0,0.0,0.0,0.0,0.0,0.0,0.0,0.0,0.0,0.0,0.0,0.0,"Laser Powder Bed Fusion (LPBF) using Renishaw AM400.",1010.0,13.0,10.1016/j.jallcom.2023.169022
89.55,0.0,6.08,0.0,4.14,0.0,0.0,0.0,0.0,0.04,0.0,0.0,0.12,0.0,0.0,0.0,0.0,0.0,0.0,0.0,0.0,0.0,0.0,"Processing method: On-line warm rolling with hydraulic tension, multiple passes. Processing temperature: 550°C. Deformation amount: 85%.",1380.0,7.2,10.1016/j.jallcom.2023.169022
89.55,0.0,6.08,0.0,4.14,0.0,0.0,0.0,0.0,0.04,0.0,0.0,0.12,0.0,0.0,0.0,0.0,0.0,0.0,0.0,0.0,0.0,0.0,"Processing method: On-line warm rolling with hydraulic tension, multiple passes. Processing temperature: 650°C. Deformation amount: 85%.",1340.0,8.0,10.1016/j.jallcom.2023.169022
89.55,0.0,6.08,0.0,4.14,0.0,0.0,0.0,0.0,0.04,0.0,0.0,0.12,0.0,0.0,0.0,0.0,0.0,0.0,0.0,0.0,0.0,0.0,"Processing method: On-line warm rolling with hydraulic tension, multiple passes. Processing temperature: 750°C. Deformation amount: 85%.",1260.0,9.5,10.1016/j.jallcom.2023.169022
84.512,15.2,0.0,0.0,0.0,0.0,0.0,0.0,0.0,0.02,0.0,0.0,0.16,0.008,0.1,0.0,0.0,0.0,0.0,0.0,0.0,0.0,0.0,"Rolling in (α+β) region (788–982°C), followed by slow cooling.",1017.0,24.0,10.3390/ma15238666
84.512,15.2,0.0,0.0,0.0,0.0,0.0,0.0,0.0,0.02,0.0,0.0,0.16,0.008,0.1,0.0,0.0,0.0,0.0,0.0,0.0,0.0,0.0,"Annealing: 600°C for 1h, cooled by Water Quench (WQ).",980.0,24.0,10.3390/ma15238666
84.512,15.2,0.0,0.0,0.0,0.0,0.0,0.0,0.0,0.02,0.0,0.0,0.16,0.008,0.1,0.0,0.0,0.0,0.0,0.0,0.0,0.0,0.0,"ECAP-Conform: 4 passes (2 at 350°C + 2 at 300°C), Route Bc.",1270.0,12.0,10.3390/ma15238666
84.512,15.2,0.0,0.0,0.0,0.0,0.0,0.0,0.0,0.02,0.0,0.0,0.16,0.008,0.1,0.0,0.0,0.0,0.0,0.0,0.0,0.0,0.0,"ECAP-Conform: 4 passes (2 at 350°C + 2 at 300°C), Route Bc. Drawing: at 300°C, 60% reduction.",1580.0,8.4,10.3390/ma15238666
84.512,15.2,0.0,0.0,0.0,0.0,0.0,0.0,0.0,0.02,0.0,0.0,0.16,0.008,0.1,0.0,0.0,0.0,0.0,0.0,0.0,0.0,0.0,"ECAP-Conform: 4 passes (2 at 350°C + 2 at 300°C), Route Bc. Drawing: at 300°C, 60% reduction. Annealing: 200°C for 1h, cooled by Air Cool (AC).",1590.0,10.0,10.3390/ma15238666
88.7833,0.0,6.52,0.0,4.27,0.0,0.0,0.0,0.0,0.2,0.0,0.0,0.134,0.05,0.04,0.0027,0.0,0.0,0.0,0.0,0.0,0.0,0.0,"Process Method:SLM machine.",1418.0,3.3,10.3390/ma16216947
88.7833,0.0,6.52,0.0,4.27,0.0,0.0,0.0,0.0,0.2,0.0,0.0,0.134,0.05,0.04,0.0027,0.0,0.0,0.0,0.0,0.0,0.0,0.0,"Process Method:SLM machine. Solution: 700°C for 2h, cooled by air cooling.",1301.0,6.8,10.3390/ma16216947
88.7833,0.0,6.52,0.0,4.27,0.0,0.0,0.0,0.0,0.2,0.0,0.0,0.134,0.05,0.04,0.0027,0.0,0.0,0.0,0.0,0.0,0.0,0.0,"Process Method:SLM machine. Solution: 800°C for 2h, cooled by air cooling.",1199.0,8.9,10.3390/ma16216947
88.7833,0.0,6.52,0.0,4.27,0.0,0.0,0.0,0.0,0.2,0.0,0.0,0.134,0.05,0.04,0.0027,0.0,0.0,0.0,0.0,0.0,0.0,0.0,"Process Method:SLM machine. Solution: 950°C for 2h, cooled by furnace cooling. Second Solution: 850°C for 2h, cooled by furnace cooling. Aging: 750°C for 2h, cooled by furnace cooling. Second Aging: 650°C for 2h, cooled by furnace cooling.",1092.0,15.8,10.3390/ma16216947
89.335,0.0,5.9,0.0,4.2,0.0,0.0,0.0,0.0,0.2,0.0,0.0,0.15,0.15,0.05,0.015,0.0,0.0,0.0,0.0,0.0,0.0,0.0,"Solution: 900°C for 1.0 h, cooled by air cooling. Processing temperature: 600°C. Deformation amount: 33%.",1300.0,8.5,10.3390/ma17051060
89.335,0.0,5.9,0.0,4.2,0.0,0.0,0.0,0.0,0.2,0.0,0.0,0.15,0.15,0.05,0.015,0.0,0.0,0.0,0.0,0.0,0.0,0.0,"Solution: 950°C for 1.0 h, cooled by air cooling. Processing temperature: 600°C. Deformation amount: 33%.",1200.0,11.0,10.3390/ma17051060
89.335,0.0,5.9,0.0,4.2,0.0,0.0,0.0,0.0,0.2,0.0,0.0,0.15,0.15,0.05,0.015,0.0,0.0,0.0,0.0,0.0,0.0,0.0,"Solution: 900°C for 1.0 h, cooled by air cooling. Processing temperature: 600°C. Deformation amount: 33%. Annealing: 620°C for 0.25 h, cooled by air cooling.",1280.0,9.2,10.3390/ma17051060
89.335,0.0,5.9,0.0,4.2,0.0,0.0,0.0,0.0,0.2,0.0,0.0,0.15,0.15,0.05,0.015,0.0,0.0,0.0,0.0,0.0,0.0,0.0,"Solution: 950°C for 1.0 h, cooled by air cooling. Processing temperature: 600°C. Deformation amount: 33%. Annealing: 620°C for 0.25 h, cooled by air cooling.",1260.0,9.8,10.3390/ma17051060
67.3,0.0,0.0,0.0,0.0,6.0,0.0,25.0,0.0,1.7,0.0,0.0,0.0,0.0,0.0,0.0,0.0,0.0,0.0,0.0,0.0,0.0,0.0,"Annealing: 950°C for 0.33h, cooled by water quenching. Deformation amount: 90%.",1282.0,5.0,10.3390/met8050297
67.3,0.0,0.0,0.0,0.0,6.0,0.0,25.0,0.0,1.7,0.0,0.0,0.0,0.0,0.0,0.0,0.0,0.0,0.0,0.0,0.0,0.0,0.0,"Annealing: 950°C for 0.33h, cooled by water quenching. Deformation amount: 90%. Solution: 900°C for 0.17h, cooled by water quenching.",1256.0,15.7,10.3390/met8050297
81.876,5.0,5.0,0.0,5.0,0.0,3.0,0.0,0.0,0.0,0.0,0.0,0.107,0.0,0.015,0.002,0.0,0.0,0.0,0.0,0.0,0.0,845.0,"Processing temperature: 1500°C for 0.5h (FAST sintering). Solution: 900°C for 1h, cooled by Air cooling. Aging: 600°C for 0.5h, cooled by Air cooling.",1400.0,8.8,10.1007/s11661-023-07048-2
89.45,0.0,6.0,0.0,4.0,0.0,0.0,0.0,0.0,0.3,0.0,0.0,0.1,0.1,0.05,0.0,0.0,0.0,0.0,0.0,0.0,0.0,0.0,"Processing temperature: 35°C.",1300.0,8.8,10.1007/s41230-018-8064-8
89.45,0.0,6.0,0.0,4.0,0.0,0.0,0.0,0.0,0.3,0.0,0.0,0.1,0.1,0.05,0.0,0.0,0.0,0.0,0.0,0.0,0.0,0.0,"Processing temperature: 35°C. Annealing: 650°C for 2.0h, cooled by Furnace cooling.",1190.0,7.0,10.1007/s41230-018-8064-8
89.45,0.0,6.0,0.0,4.0,0.0,0.0,0.0,0.0,0.3,0.0,0.0,0.1,0.1,0.05,0.0,0.0,0.0,0.0,0.0,0.0,0.0,0.0,"Processing temperature: 35°C. Annealing: 800°C for 2.0h, cooled by Furnace cooling.",1100.0,11.6,10.1007/s41230-018-8064-8
89.45,0.0,6.0,0.0,4.0,0.0,0.0,0.0,0.0,0.3,0.0,0.0,0.1,0.1,0.05,0.0,0.0,0.0,0.0,0.0,0.0,0.0,0.0,"Processing temperature: 35°C. Annealing: 800°C for 4.0h, cooled by Furnace cooling.",1080.0,13.5,10.1007/s41230-018-8064-8
89.45,0.0,6.0,0.0,4.0,0.0,0.0,0.0,0.0,0.3,0.0,0.0,0.1,0.1,0.05,0.0,0.0,0.0,0.0,0.0,0.0,0.0,0.0,"Processing temperature: 35°C. Annealing: 900°C for 4.0h, cooled by Furnace cooling.",1020.0,12.6,10.1007/s41230-018-8064-8
99.53,0.0,0.0,0.0,0.0,0.0,0.0,0.0,0.0,0.0,0.0,0.0,0.0,0.24,0.0,0.0,0.0,0.0,0.22,0.0,0.0,0.0,0.0,"Processing: Vacuum hot pressing (sintering) at 1200°C for 0.5h, 35MPa. Forging temperature: 950°C. Deformation amount: 55%.",767.0,8.9,10.1016/j.addma.2020.101466
99.53,0.0,0.0,0.0,0.0,0.0,0.0,0.0,0.0,0.0,0.0,0.0,0.0,0.24,0.0,0.0,0.0,0.0,0.22,0.0,0.0,0.0,0.0,"Processing: Vacuum hot pressing (sintering) at 1200°C for 0.5h, 35MPa. Forging temperature: 950°C. Deformation amount: 55%. Annealing: 575°C.",773.0,12.1,10.1016/j.addma.2020.101466
99.53,0.0,0.0,0.0,0.0,0.0,0.0,0.0,0.0,0.0,0.0,0.0,0.0,0.24,0.0,0.0,0.0,0.0,0.22,0.0,0.0,0.0,0.0,"Processing: Spark Plasma Sintering (SPS) at 999.85°C for 0.5h, 30MPa, under vacuum (5Pa).Processing temperature: 999.85°C. Deformation amount: Extrusion ratio 37:1.",1138.0,2.6,10.1016/j.matdes.2016.01.092
97.862,0.0,1.75,0.0,0.0,0.0,0.0,0.0,0.0,0.055,0.0,0.09,0.12,0.09,0.025,0.008,0.0,0.0,0.0,1.54,0.0,0.0,0.0,"Rolled into 2.0 mm thick sheet.",863.0,4.0,10.1016/S1875-5372(17)30095-4
99.826,0.0,0.0,0.0,0.0,0.0,0.0,0.0,0.0,0.09,0.0,0.0,0.071,0.005,0.005,0.003,0.0,0.0,0.0,0.0,0.0,0.0,0.0,"Processing: Spark Plasma Sintering (SPS) method. Processing temperature: 700°C for 0.083 h. Applied pressure: 120 MPa.",504.0,20.0,10.1016/j.jallcom.2019.152953
88.76,1.2,6.85,0.0,1.04,2.04,0.0,0.0,0.0,0.0,0.0,0.0,0.11,0.0,0.0,0.0,0.0,0.0,0.0,0.0,0.0,0.0,1015.0,"Annealing: 950°C for 2.0 h, cooled by air cooling.",933.0,18.1,10.11868/j.issn.1005-5053.2018.000098
89.08,1.21,6.88,0.0,1.04,1.66,0.0,0.0,0.0,0.0,0.0,0.0,0.13,0.0,0.0,0.0,0.0,0.0,0.0,0.0,0.0,0.0,1015.0,"Annealing: 950°C for 2.0 h, cooled by air cooling.",935.0,15.9,10.11868/j.issn.1005-5053.2018.000098
89.48,0.81,6.87,0.0,1.04,1.67,0.0,0.0,0.0,0.0,0.0,0.0,0.13,0.0,0.0,0.0,0.0,0.0,0.0,0.0,0.0,0.0,1015.0,"Annealing: 950°C for 2.0 h, cooled by air cooling.",927.0,17.6,10.11868/j.issn.1005-5053.2018.000098
88.54,1.23,6.94,0.0,1.51,1.65,0.0,0.0,0.0,0.0,0.0,0.0,0.13,0.0,0.0,0.0,0.0,0.0,0.0,0.0,0.0,0.0,1015.0,"Annealing: 950°C for 2.0 h, cooled by air cooling.",952.0,14.9,10.11868/j.issn.1005-5053.2018.000098
81.6,5.0,5.0,0.0,5.0,0.0,3.0,0.0,0.0,0.4,0.0,0.0,0.0,0.0,0.0,0.0,0.0,0.0,0.0,0.0,0.0,0.0,856.0,"Solution: 804°C for 3h, cooled by air cooling. Aging: 610°C for 8h, cooled by air cooling.",1294.0,7.0,10.1361/105994905X75628
81.6,5.0,5.0,0.0,5.0,0.0,3.0,0.0,0.0,0.4,0.0,0.0,0.0,0.0,0.0,0.0,0.0,0.0,0.0,0.0,0.0,0.0,856.0,"Solution: 804°C for 3h, cooled by air cooling. Aging: 660°C for 8h, cooled by air cooling.",1163.0,13.0,10.1361/105994905X75628
81.6,5.0,5.0,0.0,5.0,0.0,3.0,0.0,0.0,0.4,0.0,0.0,0.0,0.0,0.0,0.0,0.0,0.0,0.0,0.0,0.0,0.0,856.0,"Solution: 832°C for 3h, cooled by air cooling. Aging: 610°C for 8h, cooled by air cooling.",1332.0,5.0,10.1361/105994905X75628
81.6,5.0,5.0,0.0,5.0,0.0,3.0,0.0,0.0,0.4,0.0,0.0,0.0,0.0,0.0,0.0,0.0,0.0,0.0,0.0,0.0,0.0,856.0,"Solution: 832°C for 3h, cooled by air cooling. Aging: 660°C for 8h, cooled by air cooling.",1189.0,9.0,10.1361/105994905X75628
98.39,0.0,0.0,0.0,0.0,0.0,0.0,0.0,0.0,0.0,0.0,1.17,0.21,0.15,0.0,0.0,0.0,0.0,0.0,0.0,0.0,0.0,0.0,"Sintering: 1000°C for 5 min under 40 MPa via Spark Plasma Sintering (SPS).",869.0,8.1,10.1016/j.compositesb.2022.109991
98.55,0.0,0.0,0.0,0.0,0.0,0.0,0.0,0.0,0.0,0.0,0.89,0.25,0.11,0.0,0.0,0.0,0.0,0.0,0.0,0.0,0.0,0.0,"Sintering: 1000°C for 5 min under 40 MPa via Spark Plasma Sintering (SPS).",799.0,0.0,10.1016/j.compositesb.2022.109991
89.342,0.0,6.2,0.0,4.06,0.0,0.0,0.0,0.0,0.2,0.0,0.0,0.17,0.018,0.0,0.0,0.0,0.0,0.0,0.0,0.0,0.0,990.0,"Forging: 8 fires (3 above β-transus + 5 below β-transus). Heat Treatment: Annealing at 800°C for 1h, cooled by Air Cool.",958.0,14.25,10.13330/j.issn.1000-3940.2025.02.002
89.342,0.0,6.2,0.0,4.06,0.0,0.0,0.0,0.0,0.2,0.0,0.0,0.17,0.018,0.0,0.0,0.0,0.0,0.0,0.0,0.0,0.0,990.0,"Forging: 8 fires (3 above β-transus + 5 below β-transus) to bar, then ring rolling. Heat Treatment: Annealing at 780°C for ~1.5h, cooled by Air Cool.",971.5,15.25,10.13330/j.issn.1000-3940.2025.02.002
88.4353,0.0,6.275,0.0,4.133,0.0,0.0,0.0,0.0,0.185,0.0,0.0,0.15,0.0117,0.0,0.0,0.0,0.0,0.0,0.0,0.0,0.0,990.0,"Forging: 5 fires (3 above β-transus + 2 below β-transus). Heat Treatment: Annealing at 800°C for 1h, cooled by Air Cool.",930.0,8.25,10.13330/j.issn.1000-3940.2025.02.002
89.99,0.0,6.6,2.78,0.0,0.0,0.0,0.0,0.0,0.25,0.0,0.0,0.15,0.23,0.0,0.0,0.0,0.0,0.0,0.0,0.0,0.0,1060.0,"Melting: Vacuum Induction Furnace with Cold Copper Crucible. Hot Working: Hot rolling with 93% reduction. Heat Treatment: Annealing at 750°C for 2h, cooled by Air Cool.",1068.0,17.7,10.3390/coatings15020224
90.57,0.0,6.33,2.62,0.0,0.0,0.0,0.0,0.0,0.27,0.0,0.0,0.16,0.05,0.0,0.0,0.0,0.0,0.0,0.0,0.0,0.0,1035.0,"Annealing at 750°C for 2h, cooled by Air Cool.",865.0,18.9,10.3390/coatings15020224
66.54,0.0,33.23,0.0,0.0,0.0,0.0,0.0,0.0,0.0,0.0,0.0,0.16,0.03,0.03,0.01,0.0,0.0,0.0,0.0,0.0,0.0,0.0,"Homogenization: 850°C for 24h, furnace cooled. Hot rolling: 1100-1200°C, total reduction 93%. Annealing: 850°C for 1h, air cooled",920.0,15.4,10.3390/coatings15050546
66.41,0.0,33.1,0.0,0.0,0.0,0.0,0.0,0.0,0.0,0.0,0.0,0.18,0.27,0.03,0.01,0.0,0.0,0.0,0.0,0.0,0.0,0.0,"Homogenization: 850°C for 24h, furnace cooled. Hot rolling: 1100-1200°C, total reduction 93%. Annealing: 850°C for 1h, air cooled",960.0,16.8,10.3390/coatings15050546
66.41,0.0,33.1,0.0,0.0,0.0,0.0,0.0,0.0,0.0,0.0,0.0,0.18,0.27,0.03,0.01,0.0,0.0,0.0,0.0,0.0,0.0,0.0,"Homogenization: 850°C for 24h, furnace cooled. Hot rolling: 1100-1200°C, total reduction 93%. Solution: 850°C for 1h, water quenched. Aging: 500°C for 4h, air cooled",965.0,16.0,10.3390/coatings15050546
66.41,0.0,33.1,0.0,0.0,0.0,0.0,0.0,0.0,0.0,0.0,0.0,0.18,0.27,0.03,0.01,0.0,0.0,0.0,0.0,0.0,0.0,0.0,"Homogenization: 850°C for 24h, furnace cooled. Hot rolling: 1100-1200°C, total reduction 93%. Annealing: 850°C for 1h, air cooled. Additional soaking: 1250°C for 1h, air cooled",975.0,15.5,10.3390/coatings15050546
99.82,0.0,0.0,0.0,0.0,0.0,0.0,0.0,0.0,0.0,0.0,0.0,0.18,0.0,0.0,0.0,0.0,0.0,0.0,0.0,0.0,0.0,0.0,"Solution: 940°C for 10 min, then hot-rolling with 82% reduction. Second Solution: 820°C for 30 min, cooled by Water Quench.",971.0,15.8,10.1016/j.jmrt.2025.04.122
99.047,0.0,0.0,0.0,0.0,0.0,0.0,0.0,0.0,0.0,0.0,0.0,0.18,0.0,0.0,0.0,0.0,0.0,0.0,0.0,0.773,0.0,0.0,"Solution: 940°C for 10 min, then hot-rolling with 82% reduction. Second Solution: 820°C for 30 min, cooled by Water Quench.",1072.0,12.8,10.1016/j.jmrt.2025.04.122
85.11,0.0,3.0,0.0,9.8,0.0,0.0,0.0,0.0,1.9,0.0,0.0,0.11,0.07,0.01,0.0,0.0,0.0,0.0,0.0,0.0,0.0,810.0,"Solution: 700°C for 30 min, cooled by Water Quench.",1062.0,8.0,10.3390/met12081352
85.11,0.0,3.0,0.0,9.8,0.0,0.0,0.0,0.0,1.9,0.0,0.0,0.11,0.07,0.01,0.0,0.0,0.0,0.0,0.0,0.0,0.0,810.0,"Solution: 800°C for 30 min, cooled by Water Quench.",1030.0,7.0,10.3390/met12081352
85.11,0.0,3.0,0.0,9.8,0.0,0.0,0.0,0.0,1.9,0.0,0.0,0.11,0.07,0.01,0.0,0.0,0.0,0.0,0.0,0.0,0.0,810.0,"Solution: 900°C for 30 min, cooled by Water Quench.",1220.0,10.0,10.3390/met12081352
85.11,0.0,3.0,0.0,9.8,0.0,0.0,0.0,0.0,1.9,0.0,0.0,0.11,0.07,0.01,0.0,0.0,0.0,0.0,0.0,0.0,0.0,810.0,"Solution: 1000°C for 30 min, cooled by Water Quench.",1190.0,9.0,10.3390/met12081352
83.867,0.0,3.19,0.0,10.6,0.0,2.18,0.0,0.0,0.0,0.0,0.0,0.1,0.05,0.013,0.0,0.0,0.0,0.0,0.0,0.0,0.0,830.0,"Solution: 700°C for 30 min, cooled by Water Quench.",1060.0,7.0,10.3390/met12081352
83.867,0.0,3.19,0.0,10.6,0.0,2.18,0.0,0.0,0.0,0.0,0.0,0.1,0.05,0.013,0.0,0.0,0.0,0.0,0.0,0.0,0.0,830.0,"Solution: 800°C for 30 min, cooled by Water Quench.",1050.0,8.0,10.3390/met12081352
83.867,0.0,3.19,0.0,10.6,0.0,2.18,0.0,0.0,0.0,0.0,0.0,0.1,0.05,0.013,0.0,0.0,0.0,0.0,0.0,0.0,0.0,830.0,"Solution: 900°C for 30 min, cooled by Water Quench.",1137.0,6.0,10.3390/met12081352
83.867,0.0,3.19,0.0,10.6,0.0,2.18,0.0,0.0,0.0,0.0,0.0,0.1,0.05,0.013,0.0,0.0,0.0,0.0,0.0,0.0,0.0,830.0,"Solution: 1000°C for 30 min, cooled by Water Quench.",1094.0,5.0,10.3390/met12081352
85.865,0.0,3.02,0.0,9.97,0.0,0.0,0.0,0.0,0.97,0.0,0.0,0.11,0.051,0.014,0.0,0.0,0.0,0.0,0.0,0.0,0.0,840.0,"Solution: 700°C for 30 min, cooled by Water Quench.",1021.0,6.0,10.3390/met12081352
85.865,0.0,3.02,0.0,9.97,0.0,0.0,0.0,0.0,0.97,0.0,0.0,0.11,0.051,0.014,0.0,0.0,0.0,0.0,0.0,0.0,0.0,840.0,"Solution: 800°C for 30 min, cooled by Water Quench.",1019.0,5.0,10.3390/met12081352
85.865,0.0,3.02,0.0,9.97,0.0,0.0,0.0,0.0,0.97,0.0,0.0,0.11,0.051,0.014,0.0,0.0,0.0,0.0,0.0,0.0,0.0,840.0,"Solution: 900°C for 30 min, cooled by Water Quench.",1214.0,9.0,10.3390/met12081352
85.865,0.0,3.02,0.0,9.97,0.0,0.0,0.0,0.0,0.97,0.0,0.0,0.11,0.051,0.014,0.0,0.0,0.0,0.0,0.0,0.0,0.0,840.0,"Solution: 1000°C for 30 min, cooled by Water Quench.",1184.0,8.0,10.3390/met12081352
89.57,0.0,6.0,0.0,4.0,0.0,0.0,0.0,0.0,0.17,0.0,0.0,0.14,0.07,0.04,0.01,0.0,0.0,0.0,0.0,0.0,0.0,0.0,"As-forged",897.0,10.0,10.1088/2053-1591/ac487d
89.57,0.0,6.0,0.0,4.0,0.0,0.0,0.0,0.0,0.17,0.0,0.0,0.14,0.07,0.04,0.01,0.0,0.0,0.0,0.0,0.0,0.0,0.0,"Thermal Cycling: 500 cycles (427°C heating / Air Cool)",860.0,24.0,10.1088/2053-1591/ac487d
89.57,0.0,6.0,0.0,4.0,0.0,0.0,0.0,0.0,0.17,0.0,0.0,0.14,0.07,0.04,0.01,0.0,0.0,0.0,0.0,0.0,0.0,0.0,"Thermal Cycling: 1000 cycles (427°C heating / Air Cool)",920.0,26.0,10.1088/2053-1591/ac487d
89.57,0.0,6.0,0.0,4.0,0.0,0.0,0.0,0.0,0.17,0.0,0.0,0.14,0.07,0.04,0.01,0.0,0.0,0.0,0.0,0.0,0.0,0.0,"Thermal Cycling: 1500 cycles (427°C heating / Air Cool)",850.0,23.0,10.1088/2053-1591/ac487d
89.57,0.0,6.0,0.0,4.0,0.0,0.0,0.0,0.0,0.17,0.0,0.0,0.14,0.07,0.04,0.01,0.0,0.0,0.0,0.0,0.0,0.0,0.0,"Stress Relief Annealing: 538°C for 1h, Air Cool. Thermal Cycling: 500 cycles (427°C heating / Air Cool)",900.0,24.0,10.1088/2053-1591/ac487d
89.57,0.0,6.0,0.0,4.0,0.0,0.0,0.0,0.0,0.17,0.0,0.0,0.14,0.07,0.04,0.01,0.0,0.0,0.0,0.0,0.0,0.0,0.0,"Stress Relief Annealing: 538°C for 1h, Air Cool. Thermal Cycling: 1000 cycles (427°C heating / Air Cool)",925.0,26.0,10.1088/2053-1591/ac487d
89.57,0.0,6.0,0.0,4.0,0.0,0.0,0.0,0.0,0.17,0.0,0.0,0.14,0.07,0.04,0.01,0.0,0.0,0.0,0.0,0.0,0.0,0.0,"Stress Relief Annealing: 538°C for 1h, Air Cool. Thermal Cycling: 1500 cycles (427°C heating / Air Cool)",880.0,24.0,10.1088/2053-1591/ac487d
89.57,0.0,6.0,0.0,4.0,0.0,0.0,0.0,0.0,0.17,0.0,0.0,0.14,0.07,0.04,0.01,0.0,0.0,0.0,0.0,0.0,0.0,0.0,"Solution: 950°C for 1h, cooled by Water Quench. Aging: 524°C for 4h, cooled by Furnace Cool. Thermal Cycling: 500 cycles (427°C heating / Air Cool)",1435.0,28.0,10.1088/2053-1591/ac487d
89.57,0.0,6.0,0.0,4.0,0.0,0.0,0.0,0.0,0.17,0.0,0.0,0.14,0.07,0.04,0.01,0.0,0.0,0.0,0.0,0.0,0.0,0.0,"Solution: 950°C for 1h, cooled by Water Quench. Aging: 524°C for 4h, cooled by Furnace Cool. Thermal Cycling: 1000 cycles (427°C heating / Air Cool)",1530.0,29.0,10.1088/2053-1591/ac487d
89.57,0.0,6.0,0.0,4.0,0.0,0.0,0.0,0.0,0.17,0.0,0.0,0.14,0.07,0.04,0.01,0.0,0.0,0.0,0.0,0.0,0.0,0.0,"Solution: 950°C for 1h, cooled by Water Quench. Aging: 524°C for 4h, cooled by Furnace Cool. Thermal Cycling: 1500 cycles (427°C heating / Air Cool)",1500.0,27.0,10.1088/2053-1591/ac487d
80.44,5.06,0.0,0.0,4.96,1.07,3.01,0.0,0.0,0.25,0.0,0.0,0.0,0.0,0.0,0.0,0.0,0.0,0.0,0.0,0.0,0.0,845.0,"Solution: 760.0°C for 0.5h, cooled by Air Cool (AC).",1049.0,5.1,10.1016/S1003-6326(19)65008-9
80.44,5.06,0.0,0.0,4.96,1.07,3.01,0.0,0.0,0.25,0.0,0.0,0.0,0.0,0.0,0.0,0.0,0.0,0.0,0.0,0.0,0.0,845.0,"Solution: 760.0°C for 2.0h, cooled by Air Cool (AC).",1018.0,8.7,10.1016/S1003-6326(19)65008-9
80.44,5.06,0.0,0.0,4.96,1.07,3.01,0.0,0.0,0.25,0.0,0.0,0.0,0.0,0.0,0.0,0.0,0.0,0.0,0.0,0.0,0.0,845.0,"Solution: 760.0°C for 4.0h, cooled by Air Cool (AC).",931.0,3.1,10.1016/S1003-6326(19)65008-9
80.44,5.06,0.0,0.0,4.96,1.07,3.01,0.0,0.0,0.25,0.0,0.0,0.0,0.0,0.0,0.0,0.0,0.0,0.0,0.0,0.0,0.0,845.0,"Solution: 800.0°C for 0.5h, cooled by Air Cool (AC).",954.0,4.8,10.1016/S1003-6326(19)65008-9
80.44,5.06,0.0,0.0,4.96,1.07,3.01,0.0,0.0,0.25,0.0,0.0,0.0,0.0,0.0,0.0,0.0,0.0,0.0,0.0,0.0,0.0,845.0,"Solution: 800.0°C for 2.0h, cooled by Air Cool (AC).",949.0,5.1,10.1016/S1003-6326(19)65008-9
80.44,5.06,0.0,0.0,4.96,1.07,3.01,0.0,0.0,0.25,0.0,0.0,0.0,0.0,0.0,0.0,0.0,0.0,0.0,0.0,0.0,0.0,845.0,"Solution: 800.0°C for 4.0h, cooled by Air Cool (AC).",913.0,3.6,10.1016/S1003-6326(19)65008-9
80.44,5.06,0.0,0.0,4.96,1.07,3.01,0.0,0.0,0.25,0.0,0.0,0.0,0.0,0.0,0.0,0.0,0.0,0.0,0.0,0.0,0.0,845.0,"Solution: 800.0°C for 2.0h, cooled by Air Cool (AC). Aging: 640.0°C for 6.0h, cooled by Air Cool (AC).",1734.0,2.5,10.1016/S1003-6326(19)65008-9
80.44,5.06,0.0,0.0,4.96,1.07,3.01,0.0,0.0,0.25,0.0,0.0,0.0,0.0,0.0,0.0,0.0,0.0,0.0,0.0,0.0,0.0,845.0,"Solution: 800.0°C for 2.0h, cooled by Air Cool (AC). Aging: 640.0°C for 8.0h, cooled by Air Cool (AC).",1435.0,7.7,10.1016/S1003-6326(19)65008-9
80.44,5.06,0.0,0.0,4.96,1.07,3.01,0.0,0.0,0.25,0.0,0.0,0.0,0.0,0.0,0.0,0.0,0.0,0.0,0.0,0.0,0.0,845.0,"Solution: 800.0°C for 2.0h, cooled by Air Cool (AC). Aging: 640.0°C for 10.0h, cooled by Air Cool (AC).",1206.0,5.8,10.1016/S1003-6326(19)65008-9
80.44,5.06,0.0,0.0,4.96,1.07,3.01,0.0,0.0,0.25,0.0,0.0,0.0,0.0,0.0,0.0,0.0,0.0,0.0,0.0,0.0,0.0,845.0,"Solution: 800.0°C for 2.0h, cooled by Air Cool (AC). Aging: 580.0°C for 6.0h, cooled by Air Cool (AC).",1455.0,1.5,10.1016/S1003-6326(19)65008-9
80.44,5.06,0.0,0.0,4.96,1.07,3.01,0.0,0.0,0.25,0.0,0.0,0.0,0.0,0.0,0.0,0.0,0.0,0.0,0.0,0.0,0.0,845.0,"Solution: 800.0°C for 2.0h, cooled by Air Cool (AC). Aging: 580.0°C for 8.0h, cooled by Air Cool (AC).",1352.0,3.5,10.1016/S1003-6326(19)65008-9
80.44,5.06,0.0,0.0,4.96,1.07,3.01,0.0,0.0,0.25,0.0,0.0,0.0,0.0,0.0,0.0,0.0,0.0,0.0,0.0,0.0,0.0,845.0,"Solution: 800.0°C for 2.0h, cooled by Air Cool (AC). Aging: 580.0°C for 10.0h, cooled by Air Cool (AC).",1259.0,2.4,10.1016/S1003-6326(19)65008-9
88.75,1.32,6.3,0.0,1.68,1.9,0.0,0.0,0.0,0.04,0.0,0.0,0.0,0.01,0.0,0.0,0.0,0.0,0.0,0.0,0.0,0.0,0.0,"Hot-rolled",936.0,27.92,10.3390/aerospace10050436
88.75,1.32,6.3,0.0,1.68,1.9,0.0,0.0,0.0,0.04,0.0,0.0,0.0,0.01,0.0,0.0,0.0,0.0,0.0,0.0,0.0,0.0,0.0,"Annealing: 810°C for 2h, cooled by Air Cool (AC)",987.0,17.78,10.3390/aerospace10050436
88.75,1.32,6.3,0.0,1.68,1.9,0.0,0.0,0.0,0.04,0.0,0.0,0.0,0.01,0.0,0.0,0.0,0.0,0.0,0.0,0.0,0.0,0.0,"Annealing: 810°C for 2h, cooled by Water Quench (WQ)",984.0,16.2,10.3390/aerospace10050436
88.75,1.32,6.3,0.0,1.68,1.9,0.0,0.0,0.0,0.04,0.0,0.0,0.0,0.01,0.0,0.0,0.0,0.0,0.0,0.0,0.0,0.0,0.0,"Annealing: 940°C for 1h, cooled by Water Quench (WQ)",618.0,14.02,10.3390/aerospace10050436
63.67,0.0,0.0,8.22,0.0,4.05,0.0,23.9,0.0,0.0,0.0,0.0,0.16,0.0,0.0,0.0,0.0,0.0,0.0,0.0,0.0,0.0,0.0,"Cold Rolling: 40% reduction. Solution Treatment: 900°C for 0.5h, cooled by Water Quench (WQ)",873.0,10.0,10.1016/j.jallcom.2013.12.207
63.67,0.0,0.0,8.22,0.0,4.05,0.0,23.9,0.0,0.0,0.0,0.0,0.16,0.0,0.0,0.0,0.0,0.0,0.0,0.0,0.0,0.0,0.0,"Cold Rolling: 80% reduction. Solution Treatment: 900°C for 0.5h, cooled by Water Quench (WQ)",868.0,12.0,10.1016/j.jallcom.2013.12.207
63.67,0.0,0.0,8.22,0.0,4.05,0.0,23.9,0.0,0.0,0.0,0.0,0.16,0.0,0.0,0.0,0.0,0.0,0.0,0.0,0.0,0.0,0.0,"Cold Rolling: 94% reduction. Solution Treatment: 900°C for 0.5h, cooled by Water Quench (WQ)",877.0,13.0,10.1016/j.jallcom.2013.12.207
63.67,0.0,0.0,8.22,0.0,4.05,0.0,23.9,0.0,0.0,0.0,0.0,0.16,0.0,0.0,0.0,0.0,0.0,0.0,0.0,0.0,0.0,0.0,"Cold Rolling: 40% reduction. Flash Treatment: 700°C for 0.05h (3min), cooled by Air Cool (AC)",944.0,9.0,10.1016/j.jallcom.2013.12.207
63.67,0.0,0.0,8.22,0.0,4.05,0.0,23.9,0.0,0.0,0.0,0.0,0.16,0.0,0.0,0.0,0.0,0.0,0.0,0.0,0.0,0.0,0.0,"Cold Rolling: 80% reduction. Flash Treatment: 700°C for 0.05h (3min), cooled by Air Cool (AC)",954.0,8.0,10.1016/j.jallcom.2013.12.207
63.67,0.0,0.0,8.22,0.0,4.05,0.0,23.9,0.0,0.0,0.0,0.0,0.16,0.0,0.0,0.0,0.0,0.0,0.0,0.0,0.0,0.0,0.0,"Cold Rolling: 94% reduction. Flash Treatment: 700°C for 0.05h (3min), cooled by Air Cool (AC)",990.0,9.0,10.1016/j.jallcom.2013.12.207
100.0,0.0,0.0,0.0,0.0,0.0,0.0,0.0,0.0,0.0,0.0,0.0,0.0,0.0,0.0,0.0,0.0,0.0,0.0,0.0,0.0,0.0,0.0,"Hot Rolling: 850°C with 75% reduction, cooled by Ice Brine Quench (IBQ)",464.0,29.2,10.3389/fbioe.2024.1380503
98.5,0.0,0.0,0.0,0.0,0.0,0.0,0.0,0.0,0.0,0.0,0.0,1.5,0.0,0.0,0.0,0.0,0.0,0.0,0.0,0.0,0.0,0.0,"Hot Rolling: 850°C with 75% reduction, cooled by Ice Brine Quench (IBQ)",828.0,14.5,10.3389/fbioe.2024.1380503
99.0,1.0,0.0,0.0,0.0,0.0,0.0,0.0,0.0,0.0,0.0,0.0,0.0,0.0,0.0,0.0,0.0,0.0,0.0,0.0,0.0,0.0,0.0,"Hot Rolling: 850°C with 75% reduction, cooled by Ice Brine Quench (IBQ)",657.0,24.0,10.3389/fbioe.2024.1380503
98.0,2.0,0.0,0.0,0.0,0.0,0.0,0.0,0.0,0.0,0.0,0.0,0.0,0.0,0.0,0.0,0.0,0.0,0.0,0.0,0.0,0.0,0.0,"Hot Rolling: 850°C with 75% reduction, cooled by Ice Brine Quench (IBQ)",902.0,12.0,10.3389/fbioe.2024.1380503
97.0,3.0,0.0,0.0,0.0,0.0,0.0,0.0,0.0,0.0,0.0,0.0,0.0,0.0,0.0,0.0,0.0,0.0,0.0,0.0,0.0,0.0,0.0,"Hot Rolling: 850°C with 75% reduction, cooled by Ice Brine Quench (IBQ)",1027.0,9.1,10.3389/fbioe.2024.1380503
97.5,1.0,0.0,0.0,0.0,0.0,0.0,0.0,0.0,0.0,0.0,0.0,1.5,0.0,0.0,0.0,0.0,0.0,0.0,0.0,0.0,0.0,0.0,"Hot Rolling: 850°C with 75% reduction, cooled by Ice Brine Quench (IBQ)",1048.0,23.5,10.3389/fbioe.2024.1380503
96.5,2.0,0.0,0.0,0.0,0.0,0.0,0.0,0.0,0.0,0.0,0.0,1.5,0.0,0.0,0.0,0.0,0.0,0.0,0.0,0.0,0.0,0.0,"Hot Rolling: 850°C with 75% reduction, cooled by Ice Brine Quench (IBQ)",1153.0,25.6,10.3389/fbioe.2024.1380503
95.5,3.0,0.0,0.0,0.0,0.0,0.0,0.0,0.0,0.0,0.0,0.0,1.5,0.0,0.0,0.0,0.0,0.0,0.0,0.0,0.0,0.0,0.0,"Hot Rolling: 850°C with 75% reduction, cooled by Ice Brine Quench (IBQ)",1122.0,20.2,10.3389/fbioe.2024.1380503
96.0,1.0,0.0,0.0,0.0,0.0,0.0,0.0,0.0,0.0,0.0,0.0,3.0,0.0,0.0,0.0,0.0,0.0,0.0,0.0,0.0,0.0,0.0,"Hot Rolling: 850°C with 75% reduction, cooled by Ice Brine Quench (IBQ)",1297.0,15.5,10.3389/fbioe.2024.1380503
95.0,2.0,0.0,0.0,0.0,0.0,0.0,0.0,0.0,0.0,0.0,0.0,3.0,0.0,0.0,0.0,0.0,0.0,0.0,0.0,0.0,0.0,0.0,"Hot Rolling: 850°C with 75% reduction, cooled by Ice Brine Quench (IBQ)",1325.0,9.0,10.3389/fbioe.2024.1380503
94.0,3.0,0.0,0.0,0.0,0.0,0.0,0.0,0.0,0.0,0.0,0.0,3.0,0.0,0.0,0.0,0.0,0.0,0.0,0.0,0.0,0.0,0.0,"Hot Rolling: 850°C with 75% reduction, cooled by Ice Brine Quench (IBQ)",1313.0,4.1,10.3389/fbioe.2024.1380503
93.0,0.0,0.0,0.0,0.0,0.0,0.0,2.0,0.0,5.0,0.0,0.0,0.0,0.0,0.0,0.0,0.0,0.0,0.0,0.0,0.0,0.0,0.0,"Powder blending: 45 Hz for 30 min. Warm pressing: 200°C at 600 MPa. Sintering: 1300°C for 2h, cooled by furnace cooling (10°C/min).",828.0,5.1,10.3390/met12091528
89.0,0.0,0.0,0.0,0.0,0.0,0.0,6.0,0.0,5.0,0.0,0.0,0.0,0.0,0.0,0.0,0.0,0.0,0.0,0.0,0.0,0.0,0.0,"Powder blending: 45 Hz for 30 min. Warm pressing: 200°C at 600 MPa. Sintering: 1300°C for 2h, cooled by furnace cooling (10°C/min).",913.0,4.5,10.3390/met12091528
86.0,0.0,0.0,0.0,0.0,0.0,0.0,9.0,0.0,5.0,0.0,0.0,0.0,0.0,0.0,0.0,0.0,0.0,0.0,0.0,0.0,0.0,0.0,"Powder blending: 45 Hz for 30 min. Warm pressing: 200°C at 600 MPa. Sintering: 1300°C for 2h, cooled by furnace cooling (10°C/min).",995.0,4.0,10.3390/met12091528
89.75,0.0,6.18,0.0,3.82,0.0,0.0,0.0,0.0,0.16,0.0,0.0,0.069,0.0075,0.012,0.0027,0.0,0.0,0.0,0.0,0.0,0.0,0.0,"SLM: Laser Power 350W, Scanning Speed 1000 mm/s, Hatching Spacing 110 μm, Layer Thickness 60 μm.",1226.0,10.3,10.3390/met13050991
89.75,0.0,6.18,0.0,3.82,0.0,0.0,0.0,0.0,0.16,0.0,0.0,0.069,0.0075,0.012,0.0027,0.0,0.0,0.0,0.0,0.0,0.0,0.0,"SLM: Laser Power 350W, Scanning Speed 1000 mm/s, Hatching Spacing 110 μm, Layer Thickness 60 μm. HIP: 910°C for 2h under 110 MPa.",1000.0,16.5,10.3390/met13050991
89.75,0.0,6.18,0.0,3.82,0.0,0.0,0.0,0.0,0.16,0.0,0.0,0.069,0.0075,0.012,0.0027,0.0,0.0,0.0,0.0,0.0,0.0,0.0,"SLM: Laser Power 350W, Scanning Speed 1000 mm/s, Hatching Spacing 110 μm, Layer Thickness 60 μm. HIP: 930°C for 2h under 110 MPa.",982.0,15.8,10.3390/met13050991
89.75,0.0,6.18,0.0,3.82,0.0,0.0,0.0,0.0,0.16,0.0,0.0,0.069,0.0075,0.012,0.0027,0.0,0.0,0.0,0.0,0.0,0.0,0.0,"SLM: Laser Power 350W, Scanning Speed 1000 mm/s, Hatching Spacing 110 μm, Layer Thickness 60 μm. HIP: 950°C for 2h under 110 MPa.",962.0,16.5,10.3390/met13050991
89.75,0.0,6.18,0.0,3.82,0.0,0.0,0.0,0.0,0.16,0.0,0.0,0.069,0.0075,0.012,0.0027,0.0,0.0,0.0,0.0,0.0,0.0,0.0,"SLM: Laser Power 350W, Scanning Speed 1000 mm/s, Hatching Spacing 110 μm, Layer Thickness 60 μm. HIP: 910°C for 2h under 130 MPa.",1005.0,16.5,10.3390/met13050991
89.75,0.0,6.18,0.0,3.82,0.0,0.0,0.0,0.0,0.16,0.0,0.0,0.069,0.0075,0.012,0.0027,0.0,0.0,0.0,0.0,0.0,0.0,0.0,"SLM: Laser Power 350W, Scanning Speed 1000 mm/s, Hatching Spacing 110 μm, Layer Thickness 60 μm. HIP: 930°C for 2h under 130 MPa.",981.0,15.0,10.3390/met13050991
89.75,0.0,6.18,0.0,3.82,0.0,0.0,0.0,0.0,0.16,0.0,0.0,0.069,0.0075,0.012,0.0027,0.0,0.0,0.0,0.0,0.0,0.0,0.0,"SLM: Laser Power 350W, Scanning Speed 1000 mm/s, Hatching Spacing 110 μm, Layer Thickness 60 μm. HIP: 950°C for 2h under 130 MPa.",967.0,15.7,10.3390/met13050991
89.75,0.0,6.18,0.0,3.82,0.0,0.0,0.0,0.0,0.16,0.0,0.0,0.069,0.0075,0.012,0.0027,0.0,0.0,0.0,0.0,0.0,0.0,0.0,"SLM: Laser Power 350W, Scanning Speed 1000 mm/s, Hatching Spacing 110 μm, Layer Thickness 60 μm. HIP: 910°C for 2h under 150 MPa.",991.0,15.3,10.3390/met13050991
89.75,0.0,6.18,0.0,3.82,0.0,0.0,0.0,0.0,0.16,0.0,0.0,0.069,0.0075,0.012,0.0027,0.0,0.0,0.0,0.0,0.0,0.0,0.0,"SLM: Laser Power 350W, Scanning Speed 1000 mm/s, Hatching Spacing 110 μm, Layer Thickness 60 μm. HIP: 930°C for 2h under 150 MPa.",976.0,14.3,10.3390/met13050991
89.75,0.0,6.18,0.0,3.82,0.0,0.0,0.0,0.0,0.16,0.0,0.0,0.069,0.0075,0.012,0.0027,0.0,0.0,0.0,0.0,0.0,0.0,0.0,"SLM: Laser Power 350W, Scanning Speed 1000 mm/s, Hatching Spacing 110 μm, Layer Thickness 60 μm. HIP: 950°C for 2h under 150 MPa.",955.0,15.2,10.3390/met13050991
93.98,0.0,5.96,0.0,0.0,0.0,0.0,0.0,0.0,0.0,0.0,0.0,0.051,0.008,0.004,0.0,0.0,0.0,0.0,0.0,0.0,0.0,0.0,"Forging: 1150°C (β region), then 800°C (α+β region), total deformation 70%. Solution: 1000°C for 1h, cooled by Air Cool (AC).",684.0,19.5,10.1016/j.jmrt.2023.07.206
69.5,0.0,6.5,0.0,4.0,20.0,0.0,0.0,0.0,0.0,0.0,0.0,0.0,0.0,0.0,0.0,0.0,0.0,0.0,0.0,0.0,0.0,0.0,"Forging. Solution: 750°C for 2h, cooled by Air Cool (AC). Tensile direction: 0° to sheet surface.",1100.0,10.8,10.3390/ma11040529
69.5,0.0,6.5,0.0,4.0,20.0,0.0,0.0,0.0,0.0,0.0,0.0,0.0,0.0,0.0,0.0,0.0,0.0,0.0,0.0,0.0,0.0,0.0,"Forging. Solution: 750°C for 2h, cooled by Air Cool (AC). Tensile direction: 30° to sheet surface.",1100.0,8.5,10.3390/ma11040529
69.5,0.0,6.5,0.0,4.0,20.0,0.0,0.0,0.0,0.0,0.0,0.0,0.0,0.0,0.0,0.0,0.0,0.0,0.0,0.0,0.0,0.0,0.0,"Forging. Solution: 750°C for 2h, cooled by Air Cool (AC). Tensile direction: 60° to sheet surface.",1100.0,7.0,10.3390/ma11040529
69.5,0.0,6.5,0.0,4.0,20.0,0.0,0.0,0.0,0.0,0.0,0.0,0.0,0.0,0.0,0.0,0.0,0.0,0.0,0.0,0.0,0.0,0.0,"Forging. Solution: 750°C for 2h, cooled by Air Cool (AC). Tensile direction: 90° to sheet surface.",1100.0,6.1,10.3390/ma11040529
81.926,5.19,3.94,0.0,1.95,2.09,4.82,0.0,0.0,0.0,0.0,0.0,0.078,0.0,0.005,0.001,0.0,0.0,0.0,0.0,0.0,0.0,795.0,"Forging: 795°C. Solution: 800°C for 1h. Aging: 520°C for 6h.",1367.0,3.5,10.1016/j.jmrt.2022.12.058
81.926,5.19,3.94,0.0,1.95,2.09,4.82,0.0,0.0,0.0,0.0,0.0,0.078,0.0,0.005,0.001,0.0,0.0,0.0,0.0,0.0,0.0,795.0,"Forging: 795°C. Solution: 800°C for 1h. Aging: 600°C for 6h.",1211.0,10.5,10.1016/j.jmrt.2022.12.058
84.0,5.0,5.0,0.0,5.0,0.0,1.0,0.0,0.0,0.0,0.0,0.0,0.0,0.0,0.0,0.0,0.0,0.0,0.0,0.0,0.0,0.0,0.0,"Solution: 950°C for 2h, cooled by Water Quench (WQ). Aging: 700°C for 2h, cooled by Air Cool (AC).",975.0,0.85,10.1515/amm-2017-0160
83.0,5.0,5.0,0.0,5.0,0.0,1.0,0.0,0.0,1.0,0.0,0.0,0.0,0.0,0.0,0.0,0.0,0.0,0.0,0.0,0.0,0.0,0.0,"Solution: 950°C for 2h, cooled by Water Quench (WQ). Aging: 700°C for 2h, cooled by Air Cool (AC).",1071.0,0.97,10.1515/amm-2017-0160
81.0,5.0,5.0,0.0,5.0,0.0,1.0,0.0,0.0,3.0,0.0,0.0,0.0,0.0,0.0,0.0,0.0,0.0,0.0,0.0,0.0,0.0,0.0,"Solution: 950°C for 2h, cooled by Water Quench (WQ). Aging: 700°C for 2h, cooled by Air Cool (AC).",957.0,0.91,10.1515/amm-2017-0160
79.0,5.0,5.0,0.0,5.0,0.0,1.0,0.0,0.0,5.0,0.0,0.0,0.0,0.0,0.0,0.0,0.0,0.0,0.0,0.0,0.0,0.0,0.0,"Solution: 950°C for 2h, cooled by Water Quench (WQ). Aging: 700°C for 2h, cooled by Air Cool (AC).",874.0,0.86,10.1515/amm-2017-0160
90.0,0.0,5.7,0.0,3.7,0.0,0.0,0.0,0.0,0.0,0.0,0.0,0.2,0.1,0.1,0.0,0.0,0.0,0.0,0.0,0.0,0.3,0.0,"As-SLM",1265.0,4.3,10.3390/ma16237341
90.0,0.0,5.7,0.0,3.7,0.0,0.0,0.0,0.0,0.0,0.0,0.0,0.2,0.1,0.1,0.0,0.0,0.0,0.0,0.0,0.0,0.3,0.0,"Annealing: 800°C for 4h, cooled by Furnace Cool (FC).",1100.0,9.4,10.3390/ma16237341
90.0,0.0,5.7,0.0,3.7,0.0,0.0,0.0,0.0,0.0,0.0,0.0,0.2,0.1,0.1,0.0,0.0,0.0,0.0,0.0,0.0,0.3,0.0,"Annealing: 800°C for 8h, cooled by Furnace Cool (FC).",1015.0,11.5,10.3390/ma16237341
90.0,0.0,5.7,0.0,3.7,0.0,0.0,0.0,0.0,0.0,0.0,0.0,0.2,0.1,0.1,0.0,0.0,0.0,0.0,0.0,0.0,0.3,0.0,"Annealing: 900°C for 4h, cooled by Furnace Cool (FC).",985.0,12.3,10.3390/ma16237341
61.9,13.6,6.0,0.0,0.0,16.3,0.0,0.0,0.0,0.0,0.0,0.0,0.0,0.0,0.0,0.0,0.6,1.6,0.0,0.0,0.0,0.0,0.0,"Solution: 1200°C for 12h, cooled by Water Quench (WQ).",1188.0,2.3,10.1088/1742-6596/2587/1/012022
81.926,5.19,3.94,0.0,1.95,2.09,4.82,0.0,0.0,0.0,0.0,0.0,0.078,0.0,0.005,0.001,0.0,0.0,0.0,0.0,0.0,0.0,795.0,"Forging: 850°C.",807.0,23.0,10.13505/j.1007-1482.2024.29.03.004
81.926,5.19,3.94,0.0,1.95,2.09,4.82,0.0,0.0,0.0,0.0,0.0,0.078,0.0,0.005,0.001,0.0,0.0,0.0,0.0,0.0,0.0,795.0,"Solution: 800°C for 1h, cooled by Water Quench (WQ). Aging: 600°C for 6h, cooled by Air Cool (AC).",1235.0,10.5,10.13505/j.1007-1482.2024.29.03.004
81.926,5.19,3.94,0.0,1.95,2.09,4.82,0.0,0.0,0.0,0.0,0.0,0.078,0.0,0.005,0.001,0.0,0.0,0.0,0.0,0.0,0.0,795.0,"Solution: 780°C for 1h, cooled by Air Cool (AC). Aging: 600°C for 6h, cooled by Air Cool (AC).",1168.0,16.5,10.13505/j.1007-1482.2024.29.03.004
78.972,5.26,4.17,0.0,5.12,0.0,6.32,0.0,0.0,0.0,0.0,0.0,0.12,0.0,0.03,0.018,0.0,0.0,0.0,0.0,0.0,0.0,810.0,"Solution: 810°C for 0.5h, cooled by Furnace Cool (FC). Aging: 520°C for 6h, cooled by Air Cool (AC).",1360.0,9.0,10.1007/s11837-023-05742-5
78.972,5.26,4.17,0.0,5.12,0.0,6.32,0.0,0.0,0.0,0.0,0.0,0.12,0.0,0.03,0.018,0.0,0.0,0.0,0.0,0.0,0.0,810.0,"Solution: 810°C for 0.5h, cooled by Water Quench (WQ). Aging: 520°C for 6h, cooled by Air Cool (AC).",1433.0,2.4,10.1007/s11837-023-05742-5
78.972,5.26,4.17,0.0,5.12,0.0,6.32,0.0,0.0,0.0,0.0,0.0,0.12,0.0,0.03,0.018,0.0,0.0,0.0,0.0,0.0,0.0,810.0,"Solution: 850°C for 0.5h, cooled by Furnace Cool (FC). Aging: 520°C for 6h, cooled by Air Cool (AC).",1601.0,3.5,10.1007/s11837-023-05742-5
